"","caseid","weight","q2_2016","q3_2016","q4_2016","q5_2016","Q215","Q216A","Q217A","pid3","race","faminc","educ","gender","ideo5","dropdownbirthyr","weight_recontact","q2_2020","q3_2020","q4_2020","q5_2020","Q32","Q33_1","Q33_2","Q33_3","Q33_4","Q33_5","Q33_6","Q33_7","Q33_8","Q33_9","Q33_10","Q33_11","Q33_12","Q33_13","Q33_14","Q33_15","Q33_16","Q33_17","Q33_18","pop_2016","pop_2020"
"1",307252196,0.630436385926579,1,1,2,4,1,NA,1,1,1,5,3,2,3,1945,0.63834842881421,2,2,2,4,4,4,4,3,2,2,3,3,2,2,2,4,3,3,2,3,3,4,2,8,10
"2",306779308,0.933313257108077,1,1,4,3,1,NA,9,3,1,16,6,1,3,1975,0.938943607316601,2,1,4,2,4,4,4,3,2,3,4,2,2,4,3,4,2,2,3,4,4,3,2,9,9
"3",306769835,0.690823855873196,5,5,5,5,2,1,9,3,1,13,6,2,3,1971,0.642975678059732,4,4,4,4,1,2,2,4,1,3,2,2,2,3,2,2,1,1,1,2,1,1,1,20,16
"4",306715816,0.912728745038506,5,5,5,5,2,1,9,2,1,11,5,1,4,1958,0.589885125335936,1,1,5,5,1,1,1,1,1,1,1,1,1,1,1,1,1,1,1,1,1,1,1,20,12
"5",306750444,0.391904726688552,4,4,5,5,1,NA,2,3,1,97,3,2,1,1944,0.559347796258331,1,4,4,5,4,4,4,3,3,4,4,4,4,4,4,4,4,4,3,4,4,4,4,18,14
"6",307233326,0.200520753355643,4,4,5,5,16,NA,9,3,3,6,6,1,2,1954,0.275578737262622,4,4,5,5,4,4,4,2,4,4,4,4,4,4,4,4,4,4,4,4,4,4,2,18,18
"7",306743719,0.898377676116061,1,2,5,4,1,NA,1,3,1,3,5,2,2,1943,0.386999873271519,4,3,4,4,4,4,4,4,4,4,4,4,4,4,4,4,4,4,4,4,4,4,4,12,15
"8",306792520,0.297158118831466,1,4,4,4,2,2,9,3,6,5,2,1,3,1970,1.12081071079705,1,1,1,1,1,1,1,1,4,4,1,1,1,1,1,1,1,1,1,1,1,4,1,13,4
"9",306748885,0.654408500213178,4,4,4,5,1,NA,9,3,1,9,5,1,3,1977,0.677418656355606,2,4,3,5,4,4,4,4,4,4,4,4,4,4,4,4,4,4,4,4,4,4,4,17,14
"10",306774562,0.829736217189176,2,2,2,4,1,NA,1,1,1,12,5,1,2,1958,0.409955328848036,1,2,4,4,4,4,4,4,4,4,4,4,4,4,4,4,4,4,4,3,4,4,4,10,11
"11",306685633,0.912728745038506,5,5,5,4,17,NA,2,3,1,97,5,1,3,1952,0.605481682550703,4,4,5,5,4,4,4,3,3,4,4,4,3,4,5,4,3,3,3,4,4,4,5,19,18
"12",306683260,3.21852486131558,4,5,5,5,4,NA,9,3,1,5,2,2,5,1952,0.536970375564567,2,3,5,5,1,1,1,1,1,1,2,2,1,2,2,2,1,1,2,1,1,1,2,19,15
"13",307250161,0.184725491649356,1,2,2,4,1,NA,1,1,6,7,6,1,3,1954,0.376975998913471,1,1,4,1,4,4,4,4,4,4,4,3,4,4,4,4,4,4,4,4,4,4,4,9,7
"14",306755189,0.832624385436321,5,3,5,5,2,1,9,2,1,14,5,2,4,1964,0.549271732468765,4,3,4,5,1,2,1,1,1,1,1,1,1,1,1,1,1,1,1,2,1,1,1,18,16
"15",307252250,0.687708481045589,4,4,2,4,1,NA,1,1,1,11,6,2,2,1944,0.432732351806162,4,2,5,5,4,4,4,4,4,4,4,4,4,4,4,4,4,4,4,4,4,4,4,14,16
"16",307251733,0.200520753355643,2,1,4,1,1,NA,9,3,3,97,6,1,3,1969,0.481328964108186,4,3,4,3,4,4,4,3,4,4,3,4,4,4,4,4,4,4,4,4,4,4,4,8,14
"17",307233335,1.33422379473012,5,5,5,5,2,1,9,2,1,3,2,1,4,1959,0.956486276295953,5,3,4,4,1,1,1,1,1,1,1,1,1,1,1,1,1,1,1,1,1,1,1,20,16
"18",306762078,0.856822810521885,3,5,5,3,2,1,9,2,1,4,3,2,4,1967,0.460514839614568,2,3,4,5,1,2,2,2,2,2,1,1,1,3,1,5,2,1,1,2,1,1,1,16,14
"19",307252253,0.270013323974378,4,3,4,4,16,NA,9,3,3,9,4,1,3,1969,0.582063471068921,4,2,3,4,4,4,4,3,4,5,4,3,4,4,2,3,3,5,4,4,4,5,5,15,13
"20",306677566,0.558609457489896,2,2,4,4,1,NA,2,1,1,11,6,1,1,1963,0.91721839488524,4,2,5,5,4,4,4,4,4,4,4,4,4,4,4,4,4,4,4,4,4,4,4,12,16
"21",306751863,1.67442591942909,2,3,4,5,2,1,9,3,1,97,5,1,4,1945,0.91461801212796,4,2,5,5,1,1,1,1,2,1,1,1,1,1,1,1,1,1,1,1,1,2,1,14,16
"22",306684301,1.33422379473012,2,2,3,4,2,2,9,2,1,10,2,1,4,1959,0.956486276295953,2,3,4,4,1,1,1,1,2,1,2,1,1,2,1,2,1,1,1,2,2,2,1,11,13
"23",306677507,1.1988596895885,1,2,3,4,1,NA,1,1,1,97,5,2,2,1979,0.737526015463447,1,3,4,2,4,4,4,4,4,4,4,4,4,4,4,4,4,4,4,4,4,4,4,10,10
"24",306371580,0.601811157800441,5,3,5,5,3,7,9,3,1,10,2,1,3,1970,1.03091628464498,5,3,4,4,2,2,2,1,2,3,1,2,5,3,1,2,2,1,1,5,2,1,5,18,16
"25",306795711,0.883394692546961,1,3,5,5,2,2,9,2,1,8,2,1,4,1951,1.3822732148133,2,3,5,3,1,1,1,1,1,1,1,1,1,1,1,1,1,1,1,1,1,1,1,14,13
"26",306779330,1.11129176391555,2,2,4,2,1,NA,1,1,1,13,6,2,3,1965,0.446851927975219,2,1,5,1,4,4,4,4,4,4,4,4,4,4,4,4,4,4,4,4,4,4,4,10,9
"27",306772231,0.306432177114589,4,5,5,5,1,NA,2,1,1,7,3,2,1,1965,0.449205245451935,1,4,2,5,4,4,4,4,4,4,4,4,4,4,4,4,4,4,4,4,4,4,4,19,12
"28",306799110,0.883394692546961,4,3,5,5,1,NA,2,3,1,9,2,1,3,1948,0.673732690653476,4,3,5,5,4,4,4,4,4,4,4,4,4,4,4,4,4,4,4,4,4,4,4,17,17
"29",306779459,0.912728745038506,4,2,5,5,2,1,9,3,1,6,5,1,4,1967,0.697317556963536,4,2,4,4,3,3,3,3,5,5,5,2,3,4,2,3,5,2,2,3,5,4,2,16,14
"30",306752357,0.413328180169319,4,4,5,4,1,NA,2,3,1,5,3,1,3,1974,0.926885141585697,2,4,5,5,4,4,4,4,4,4,3,4,4,4,4,4,4,4,4,4,4,4,4,17,16
"31",306768938,0.789854808649643,4,3,3,4,1,NA,2,1,1,3,3,2,2,1933,0.559347796258331,2,3,4,3,4,4,4,4,4,4,4,4,4,4,4,4,4,3,4,4,4,4,4,14,12
"32",306602890,0.687708481045589,4,3,3,4,1,NA,1,1,1,7,6,2,2,1938,0.432732351806162,4,2,3,5,4,4,4,4,4,4,3,4,4,4,4,4,4,4,3,4,4,4,4,14,14
"33",306682592,0.71641649759272,4,4,4,4,2,2,9,2,1,97,4,1,4,1955,1.56733772034801,5,5,5,5,1,2,1,1,1,1,1,1,1,1,1,2,1,1,1,2,1,2,1,16,20
"34",306622796,0.651274234405124,4,4,5,5,1,NA,9,3,1,9,3,1,3,1965,0.601903046107404,3,3,5,5,4,4,4,4,4,4,4,4,4,4,4,4,4,4,4,4,4,4,4,18,16
"35",306653740,0.897103399796371,2,3,4,4,2,4,9,2,1,11,3,2,4,1953,0.804846093425297,1,3,4,5,1,1,1,1,1,1,1,1,1,1,1,1,1,1,1,1,1,1,1,13,13
"36",306751865,1.11129176391555,3,1,4,5,1,NA,2,1,1,10,6,2,2,1952,0.432732351806162,2,2,5,4,4,4,4,4,4,4,4,4,4,4,4,4,4,4,4,4,4,4,4,13,13
"37",306751215,0.973838801640334,4,4,5,5,2,1,9,3,1,2,2,2,3,1939,0.723618410177437,4,3,5,5,1,1,1,2,1,2,1,2,2,2,2,2,1,1,1,5,1,1,1,18,17
"38",307252303,1.12795231392686,2,3,4,4,1,NA,1,1,3,8,3,1,3,1938,1.81881976738445,1,3,4,4,4,4,4,4,3,4,4,4,4,4,4,4,5,4,3,4,4,4,4,13,12
"39",306768951,1.33422379473012,5,5,5,5,2,NA,9,3,1,11,2,1,4,1953,1.3822732148133,5,4,5,5,1,1,5,2,2,1,5,5,5,1,2,1,2,1,1,2,2,1,2,20,19
"40",306752337,0.651274234405124,1,3,4,4,1,NA,2,1,1,2,4,1,2,1957,0.587976254937126,5,5,5,5,4,4,4,4,4,4,4,4,4,4,4,4,4,4,4,4,4,4,4,12,20
"41",306750602,1.21290559801144,5,5,5,5,2,3,9,3,1,3,2,1,3,1959,0.956486276295953,5,3,5,4,1,2,2,1,1,5,1,2,2,1,1,2,1,1,1,5,1,2,5,20,17
"42",306779525,1.11129176391555,4,3,4,5,1,NA,1,3,1,8,6,2,3,1965,0.446851927975219,4,4,4,5,4,4,4,3,4,4,3,4,4,4,4,4,4,4,3,4,3,4,4,16,17
"43",307233353,0.546463133324862,2,3,2,3,1,NA,9,3,3,5,2,2,6,1973,0.6787491887199,3,3,3,3,2,3,3,3,2,3,3,3,2,3,2,3,3,3,3,3,3,3,3,10,12
"44",306621761,1.21290559801144,4,4,5,4,1,NA,2,1,1,97,2,1,3,1953,0.960645125631712,5,3,5,4,4,4,4,3,3,4,4,3,3,4,4,4,4,3,4,4,3,4,5,17,17
"45",306765122,0.677968345142039,4,3,4,5,1,NA,2,3,6,6,3,2,1,1954,0.661218637370572,4,4,5,5,4,4,4,4,4,4,4,4,4,4,4,4,4,4,4,4,4,4,4,16,18
"46",306650696,1.33422379473012,5,4,5,5,2,1,9,3,1,97,2,1,4,1959,0.402629645738607,4,1,4,5,1,2,1,1,1,2,1,2,2,1,1,2,1,1,1,2,1,3,2,19,14
"47",306780129,0.868858286918733,4,4,5,5,2,1,4,2,1,2,3,2,5,1949,0.804846093425297,2,1,5,5,1,1,2,1,1,2,1,1,2,1,2,2,2,1,1,2,1,2,1,18,13
"48",306715530,1.16932014166633,2,4,5,5,1,NA,2,3,1,8,6,1,3,1981,1.04748902313145,1,4,5,3,4,4,4,4,4,4,4,4,4,4,4,4,4,4,4,4,4,4,4,16,13
"49",307252329,0.411692809691251,5,5,5,5,17,NA,2,3,1,7,5,1,1,1960,0.381471371443528,3,1,5,5,4,4,4,4,3,4,4,4,4,4,4,4,4,3,3,4,4,4,5,20,14
"50",306677577,1.11129176391555,4,3,5,4,16,2,9,3,1,7,6,2,3,1970,0.415804371358906,4,3,4,5,4,4,4,4,4,4,4,4,4,4,4,4,4,4,4,4,4,4,4,16,16
"51",306792635,0.270936249321093,4,5,5,4,2,NA,9,3,1,97,2,2,3,1975,1.10503058094354,5,5,5,5,1,2,1,1,2,1,1,1,2,1,1,1,1,1,1,2,1,2,1,18,20
"52",306517476,0.829736217189176,4,5,5,4,16,4,9,3,1,10,5,1,3,1970,0.630351176572206,2,2,3,2,3,3,3,1,2,2,1,2,2,1,1,3,2,1,1,2,1,2,2,18,9
"53",306779640,0.795238950382464,4,2,4,4,2,3,9,2,1,7,5,2,4,1964,0.549271732468765,4,4,4,4,2,2,3,2,2,2,2,2,2,3,2,2,3,2,2,2,2,2,2,14,16
"54",306769365,0.745259616155503,1,3,4,4,1,NA,2,1,1,8,5,2,2,1978,0.623898856017071,2,1,4,5,4,4,4,3,3,4,3,3,4,4,4,4,3,3,3,4,4,4,3,12,12
"55",306730247,0.630436385926579,1,4,4,5,1,NA,1,1,1,7,3,2,3,1937,0.559347796258331,2,4,5,4,4,4,4,3,3,3,4,4,4,3,4,3,3,4,3,4,4,4,4,14,15
"56",306761454,0.651274234405124,2,3,5,2,2,1,9,2,1,8,4,1,3,1963,0.866078884230726,1,1,5,2,1,1,1,1,1,1,1,1,1,1,1,1,1,1,1,1,1,1,1,12,9
"57",307230556,1.0058774609945,1,1,5,5,1,NA,9,1,2,2,3,2,2,1956,1.63199793401151,1,1,4,5,4,4,4,4,4,4,4,4,4,4,4,4,4,4,4,4,4,4,4,12,11
"58",306781889,0.973838801640334,1,5,4,5,1,NA,1,1,1,4,2,2,2,1946,0.599821900182644,1,3,4,3,4,4,3,4,3,5,4,4,4,3,4,4,4,3,5,4,4,4,4,15,11
"59",306609600,0.270936249321093,4,4,4,4,1,NA,9,3,1,3,2,2,3,1980,0.676941696060555,3,4,4,3,2,5,5,5,5,5,5,5,5,5,5,5,5,5,5,5,5,5,5,16,14
"60",306657388,0.987738946552522,5,4,5,5,1,6,9,3,1,5,2,2,4,1955,0.599821900182644,3,4,4,5,4,4,4,4,4,3,4,4,4,4,4,4,4,4,4,4,4,4,4,19,16
"61",307252384,2.01679649431563,5,5,5,4,1,NA,1,1,3,8,1,1,4,1961,4.33949608636827,5,5,4,4,4,4,4,2,4,3,4,4,3,4,4,4,4,3,3,4,4,4,2,19,18
"62",306792678,0.568258963014041,5,5,5,5,2,1,9,3,1,97,2,2,3,1957,1.10503058094354,4,3,5,5,1,2,2,2,2,2,2,2,2,2,2,2,2,2,2,2,2,2,2,20,17
"63",306747876,1.21290559801144,5,5,5,5,2,2,9,2,1,7,2,1,4,1962,0.750418411047696,5,4,4,5,2,2,2,3,2,2,2,2,3,1,2,3,2,2,3,2,1,5,2,20,18
"64",307252392,0.457511230948191,5,5,5,5,2,1,4,2,1,10,5,2,3,1962,0.897728676713943,4,4,5,5,1,1,1,2,1,2,2,1,1,1,1,2,1,1,1,1,1,2,2,20,18
"65",307233377,0.364309476817309,1,1,4,1,2,2,9,3,3,16,6,2,3,1982,0.24644171802267,1,3,1,3,1,1,1,1,1,1,1,1,1,1,1,1,1,1,1,1,1,1,1,7,8
"66",306781782,0.568258963014041,1,3,5,3,1,8,1,1,1,4,2,2,2,1961,0.767968466639764,1,3,5,3,4,4,4,3,4,3,4,4,4,4,4,4,4,4,2,4,4,4,4,12,12
"67",306770859,0.973838801640334,1,1,3,3,5,NA,9,2,1,5,2,2,3,1950,0.723618410177437,1,3,4,3,2,2,5,5,3,5,5,2,3,4,1,2,1,1,3,5,1,5,5,8,11
"68",306715721,3.21852486131558,5,5,5,5,2,NA,9,5,1,4,2,2,6,1963,0.820002196895577,5,4,5,5,2,2,2,2,1,5,5,2,5,3,1,2,2,1,2,2,1,5,1,20,19
"69",306776779,0.415162920747772,5,5,5,5,3,NA,9,3,2,1,5,1,3,1982,0.252911127520728,5,3,5,5,4,4,4,5,4,4,4,4,4,4,4,4,4,4,4,4,4,4,3,20,18
"70",307252401,0.679364443277426,2,3,5,4,2,2,9,2,1,9,3,2,4,1965,0.146372185813092,1,2,3,2,1,1,1,1,1,1,1,1,1,1,1,1,1,1,1,1,1,1,1,14,8
"71",306688875,0.353252728680978,4,4,5,5,1,8,1,3,1,3,2,2,3,1964,0.649651182124952,4,5,5,5,4,4,4,4,4,4,4,4,4,4,4,4,5,2,4,4,4,4,4,18,19
"72",306799009,0.485408547082686,5,5,5,5,17,NA,2,3,1,5,2,1,1,1950,0.626921314115151,3,4,5,5,4,4,4,4,3,4,3,3,4,4,4,4,4,4,3,4,4,4,3,20,17
"73",307252407,4.98050195496854,5,4,4,5,2,1,9,2,3,6,2,2,4,1937,0.119264337036093,3,3,1,1,1,1,1,1,1,1,1,5,1,1,1,1,1,1,1,2,1,1,1,18,8
"74",306757899,0.819888750480175,4,5,5,5,1,NA,9,3,1,6,5,1,3,1983,0.693463978054735,4,3,4,4,4,4,4,3,4,5,5,4,4,4,4,4,4,4,3,4,4,4,5,19,15
"75",306776994,1.15114474463105,4,3,5,4,5,NA,2,5,1,10,5,1,4,1956,0.589885125335936,5,3,4,4,3,3,3,2,3,3,2,3,3,1,4,3,5,3,3,3,5,4,3,16,16
"76",307252412,0.290845417029356,2,1,4,3,1,3,9,3,3,97,5,2,3,1932,0.488319404861583,1,1,3,3,4,4,4,4,4,4,4,4,4,4,4,4,4,3,4,4,4,4,4,10,8
"77",306008217,2.45515796295429,3,5,5,5,2,1,9,2,1,97,2,2,4,1938,0.863084321315496,2,3,5,5,1,1,1,1,1,1,1,1,1,1,1,1,1,1,1,1,1,1,1,18,15
"78",306660187,0.353252728680978,5,5,5,5,17,NA,9,3,1,1,2,2,1,1964,0.820002196895577,5,4,5,5,1,2,1,1,2,2,2,1,1,2,2,2,1,1,1,2,2,1,1,20,19
"79",306713114,0.617591246382912,4,4,4,4,2,NA,9,3,1,3,4,2,3,1957,0.491001931358335,5,4,4,5,1,1,3,3,1,1,3,3,2,1,2,1,1,1,1,1,3,1,1,16,18
"80",306524642,0.651274234405124,3,4,5,5,1,NA,9,3,1,5,3,1,3,1957,0.587976254937126,2,4,5,5,4,4,4,4,3,4,4,4,4,4,4,4,4,3,4,4,4,4,3,17,16
"81",306777157,1.03417410949159,4,4,4,4,5,NA,9,2,1,2,2,2,4,1953,0.863084321315496,2,3,4,4,2,3,3,5,3,3,2,2,2,3,2,3,2,3,2,3,2,2,2,16,13
"82",306749251,0.568258963014041,5,4,5,5,1,NA,9,1,1,3,2,2,3,1956,0.649651182124952,4,5,4,5,4,4,4,3,3,3,3,3,4,4,3,4,3,3,3,4,4,4,3,19,18
"83",306788915,0.343587172173247,4,5,5,3,1,NA,9,1,2,5,1,2,1,1955,2.97829709134416,1,5,5,5,4,4,4,5,4,4,4,5,4,4,4,4,4,4,5,4,4,4,4,17,16
"84",307252416,0.26695956152453,4,4,4,4,2,1,4,2,3,6,5,2,5,1974,0.119263857930328,2,4,4,4,1,2,1,2,2,1,1,1,1,1,1,1,2,1,1,2,1,2,2,16,14
"85",306677540,0.306432177114589,1,4,5,4,1,NA,1,1,1,4,4,2,1,1956,0.449205245451935,2,3,5,4,4,4,4,4,4,4,4,4,4,4,4,4,4,4,4,4,4,4,4,14,14
"86",306771851,0.903553318172365,5,5,5,5,2,1,9,2,1,9,3,1,4,1959,0.187125728079728,3,1,4,3,1,1,1,1,1,1,1,1,1,1,1,1,1,1,1,1,1,1,1,20,11
"87",306795878,2.45515796295429,4,3,4,2,2,NA,9,2,1,9,2,2,4,1947,0.863084321315496,4,3,4,4,1,1,1,1,1,1,1,1,1,3,1,1,1,1,1,1,1,1,1,13,15
"88",306660159,1.33422379473012,4,4,5,5,2,2,9,3,1,10,2,1,4,1957,0.709772979489359,4,5,3,3,2,5,2,1,1,5,1,1,1,1,1,5,2,1,1,2,2,5,1,18,15
"89",306743774,0.717055804592757,4,2,3,4,1,3,9,3,1,4,5,2,3,1948,0.386999873271519,1,3,4,4,4,4,4,4,4,4,4,4,4,4,4,4,4,4,4,4,4,4,4,13,12
"90",306677701,0.795238950382464,3,1,3,3,3,3,9,3,1,8,5,2,4,1956,0.297809217240087,2,2,4,3,4,4,4,4,3,4,4,4,4,4,4,4,5,3,3,4,4,4,3,10,11
"91",306648478,0.71641649759272,5,5,5,5,2,1,9,2,1,3,4,1,4,1965,0.866078884230726,5,4,3,5,1,1,2,1,2,3,1,1,2,1,1,2,2,1,1,3,1,2,2,20,17
"92",306792451,0.682649916251403,2,2,3,4,1,2,9,3,1,6,4,2,2,1974,0.449205245451935,3,2,4,4,4,4,4,4,4,4,4,4,4,4,5,4,4,4,4,4,4,4,4,11,13
"93",306755370,1.1988596895885,5,4,4,4,1,NA,9,3,1,97,5,2,3,1975,0.812719796033985,5,3,4,5,4,4,4,3,4,4,3,2,4,4,4,4,3,5,3,4,4,4,3,17,17
"94",306686019,0.973838801640334,4,5,5,4,2,1,9,1,1,2,2,2,3,1942,0.723618410177437,2,5,5,5,1,2,2,2,2,2,1,5,2,5,1,2,2,1,1,2,2,3,2,18,17
"95",306775170,0.617591246382912,4,4,5,5,1,NA,9,3,1,4,3,2,2,1956,0.459845109891141,3,4,5,3,4,4,4,4,4,4,4,4,4,4,4,4,4,4,4,4,4,4,4,18,15
"96",306773241,0.492941220444275,5,3,5,5,17,NA,2,3,1,11,3,2,3,1971,0.417994178838193,5,5,5,5,4,4,4,5,4,4,4,3,5,5,4,4,4,4,4,4,4,4,4,18,20
"97",306799355,0.883394692546961,4,4,4,4,2,1,9,2,1,8,2,1,4,1937,0.947003918700104,2,3,4,4,1,1,1,1,1,1,1,1,1,1,1,1,1,1,1,1,1,1,1,16,13
"98",306752420,1.26845869643767,4,4,5,4,5,2,9,3,1,97,5,1,3,1989,0.997825999140525,3,4,4,4,5,5,2,2,5,2,2,5,5,2,2,5,2,2,5,2,2,5,2,17,15
"99",306745070,0.184725491649356,2,1,3,3,16,NA,9,3,4,12,5,1,4,1972,0.848152569222917,3,1,3,2,4,4,4,3,3,5,5,5,3,4,5,3,5,3,4,2,4,5,5,9,9
"100",306685604,1.68273949715529,1,5,5,5,2,NA,9,3,1,2,2,1,4,1958,1.01125984277864,3,2,5,3,1,1,1,1,1,1,1,1,1,1,1,1,1,1,1,1,1,2,1,16,13
"101",306484004,0.52568954258101,5,5,5,5,1,NA,1,2,3,9,5,2,2,1960,0.689694992111042,4,5,5,5,4,4,4,3,4,3,4,4,4,4,4,4,4,3,3,4,4,4,4,20,19
"102",307252451,0.340449910653288,3,3,3,5,1,NA,1,1,3,9,5,1,2,1972,0.385214296932079,4,4,4,3,4,4,4,4,4,4,4,4,4,4,4,4,4,4,4,4,4,4,4,14,15
"103",306760767,1.21290559801144,4,4,5,5,1,NA,2,3,1,4,1,1,3,1954,1.03749735842976,4,4,5,5,4,4,4,4,4,4,3,4,4,4,4,4,4,3,4,4,4,4,3,18,18
"104",307250171,0.677968345142039,5,4,5,5,1,2,9,3,6,97,5,2,3,1955,0.265598697894109,4,4,4,5,4,4,4,3,3,4,4,4,4,4,4,4,4,4,4,4,4,4,4,19,17
"105",306796022,0.973838801640334,3,4,5,4,2,NA,9,2,1,9,2,2,3,1946,0.863084321315496,2,3,5,5,1,1,1,1,1,1,1,1,1,1,1,1,1,1,1,1,1,1,1,16,15
"106",307252475,0.184725491649356,5,5,5,5,2,5,9,3,5,5,3,1,3,1966,0.866078884230726,4,5,5,5,1,1,2,1,2,2,1,1,1,1,1,2,1,1,1,2,1,1,1,20,19
"107",306679862,0.71641649759272,4,4,5,5,1,NA,1,1,1,8,4,1,3,1958,0.601903046107404,1,4,5,5,4,4,4,4,4,4,4,4,4,4,4,4,4,4,4,4,4,4,4,18,15
"108",307252483,0.701180726834997,2,3,4,4,1,NA,1,1,3,97,5,1,2,1936,0.639444630392926,4,3,5,5,4,4,4,4,4,4,4,4,4,4,4,4,4,3,4,4,4,4,4,13,17
"109",307252486,0.0939376502206616,4,3,4,5,1,NA,1,1,3,97,6,2,1,1934,0.488319404861583,2,3,4,4,4,4,4,4,4,4,4,4,4,4,4,4,3,3,4,4,4,4,4,16,13
"110",306665011,0.883394692546961,5,4,4,5,2,NA,9,2,1,5,2,1,4,1948,1.56733772034801,5,4,3,4,2,2,2,2,2,2,1,2,2,1,2,2,2,2,5,5,1,2,1,18,16
"111",306789114,1.05123079027568,4,5,5,4,1,NA,9,1,1,1,1,1,3,1980,1.83085990466737,5,4,5,4,3,2,2,1,2,2,1,2,2,2,1,2,3,2,2,3,2,1,1,18,18
"112",306713111,1.46479243119084,5,5,5,5,2,1,9,2,1,4,3,1,4,1951,1.04729298222329,3,3,5,3,1,1,1,1,1,1,1,1,1,1,1,1,1,1,1,1,1,1,1,20,14
"113",306752790,0.52568954258101,5,5,5,5,2,8,2,3,3,12,5,2,3,1959,0.146372185813092,4,5,5,5,1,2,2,1,1,2,1,1,2,1,1,5,5,1,1,2,1,1,1,20,19
"114",306677690,0.727223712868518,4,3,4,5,2,NA,9,3,3,6,2,1,3,1962,0.354108839142757,3,2,3,3,2,1,2,1,1,2,1,2,1,1,1,2,2,1,1,2,2,1,1,16,11
"115",306725835,0.445750856696415,4,3,3,3,1,NA,1,1,1,9,5,2,1,1939,0.386999873271519,1,1,3,5,4,4,4,4,4,4,4,4,4,4,4,4,4,4,4,4,4,4,4,13,10
"116",306679924,1.2859579397334,1,1,4,3,2,NA,9,2,1,4,2,2,4,1945,0.723618410177437,2,1,5,2,1,3,1,1,1,1,1,2,2,2,1,1,1,1,1,3,1,1,1,9,10
"117",306381198,0.832624385436321,4,1,3,5,2,2,9,2,1,7,5,2,4,1954,0.556854497760127,2,1,3,4,3,2,5,5,5,5,2,5,5,3,2,5,2,2,5,5,3,5,2,13,10
"118",306796827,0.84372963410908,5,4,5,5,2,4,9,2,1,8,2,1,3,1949,0.969434630318861,4,2,3,3,1,2,2,5,2,2,1,5,5,1,1,2,2,2,1,5,1,2,2,19,12
"119",307252507,1.20691323556873,2,2,4,4,2,4,9,2,1,10,5,1,3,1947,0.107937876759906,3,1,3,3,1,1,1,1,1,1,1,1,1,1,1,1,1,1,1,1,1,1,1,12,10
"120",306775523,0.353252728680978,1,3,5,3,2,NA,9,3,1,2,2,2,3,1957,0.934783724044405,3,3,5,4,1,1,5,1,1,1,1,5,5,1,1,5,1,1,1,5,1,5,1,12,15
"121",306739557,1.2859579397334,2,2,3,3,2,5,9,2,1,10,2,2,4,1948,0.723618410177437,2,2,4,2,2,2,2,2,2,2,5,2,2,2,2,2,2,1,1,2,2,2,2,10,10
"122",306780616,1.2859579397334,4,3,5,3,2,NA,9,3,1,3,2,2,4,1938,0.944580698763604,4,2,4,3,1,1,1,1,1,1,1,1,1,1,1,1,1,1,1,1,1,1,1,15,13
"123",306750809,0.973838801640334,4,4,5,5,1,NA,1,3,1,6,2,2,3,1947,0.502896598953641,2,3,4,5,4,4,4,4,4,4,5,4,4,4,4,4,4,5,4,4,4,4,4,18,14
"124",306788673,0.568258963014041,4,4,4,4,1,NA,1,1,1,2,2,2,2,1952,0.502896598953641,5,4,3,5,4,4,4,4,4,4,4,4,4,4,4,4,4,4,4,4,4,4,4,16,17
"125",306771168,0.568258963014041,4,3,3,4,1,NA,9,3,1,10,2,2,3,1956,0.767968466639764,3,3,4,3,4,4,4,4,3,3,3,4,4,4,3,4,3,3,3,4,3,4,3,14,13
"126",306658184,0.184725491649356,4,4,5,5,1,NA,2,3,7,5,5,1,1,1952,0.382028416023938,5,4,5,5,4,4,4,4,4,4,4,4,4,4,4,4,4,4,4,4,4,4,4,18,19
"127",306774563,1.15114474463105,2,3,5,5,2,4,9,3,1,11,5,1,5,1956,0.589885125335936,1,3,5,5,1,1,1,1,1,1,1,1,1,1,1,1,1,1,1,1,1,1,1,15,14
"128",306890711,0.861609439876367,3,3,3,3,1,NA,9,1,3,5,2,1,3,1983,0.801128512122108,4,4,3,4,4,4,4,4,4,4,4,4,4,4,4,4,4,4,4,4,4,4,4,12,15
"129",306779506,0.427507374767799,4,4,5,5,1,NA,2,1,1,3,6,2,1,1932,0.432732351806162,5,4,5,5,4,4,4,3,4,4,4,4,4,4,4,4,4,3,3,4,4,4,4,18,19
"130",306788802,0.424362766529194,3,2,5,4,1,NA,9,1,1,6,3,2,3,1975,0.449205245451935,4,1,5,5,2,3,3,2,2,5,5,1,5,4,2,4,2,2,5,5,5,3,2,14,15
"131",306774544,1.11129176391555,1,3,3,4,1,NA,1,1,1,9,6,2,2,1964,0.446851927975219,4,4,5,5,4,4,4,4,4,4,4,4,4,4,4,4,4,4,4,4,4,4,4,11,18
"132",306777922,0.717055804592757,1,1,3,4,2,1,9,2,1,97,5,2,3,1942,0.556854497760127,1,1,5,1,1,1,1,1,1,1,1,1,1,1,1,1,1,1,1,1,1,1,1,9,8
"133",306616670,0.883394692546961,2,3,5,5,2,NA,9,3,1,4,2,1,4,1939,0.947003918700104,1,1,4,3,2,3,2,1,1,5,1,2,2,2,1,3,1,2,1,2,2,2,1,15,9
"134",306752281,1.21290559801144,5,3,5,4,2,1,9,2,1,7,2,1,3,1963,1.01125984277864,3,2,4,3,1,2,2,1,1,2,2,1,2,1,2,2,2,1,1,2,1,2,1,17,12
"135",306715521,0.372300479997439,5,5,5,5,2,1,9,3,7,9,2,1,4,1956,1.03778707226066,4,5,5,5,1,1,2,1,2,2,1,1,1,1,1,1,1,1,1,2,2,2,1,20,19
"136",306749608,0.242713591984373,5,5,5,5,1,NA,9,1,4,5,5,2,2,1988,1.50585585146801,5,5,5,5,4,4,4,4,4,4,4,4,4,4,4,4,4,4,4,4,4,4,4,20,20
"137",306590888,1.46479243119084,5,5,5,5,2,1,9,2,1,5,3,1,4,1944,1.45123775886025,4,4,4,5,1,1,1,1,1,1,1,1,1,1,1,5,1,1,1,2,1,1,1,20,17
"138",307252546,0.199750437079927,2,2,3,4,1,NA,1,1,3,2,4,2,3,1951,0.63834842881421,3,3,5,5,4,4,4,5,4,4,5,4,4,4,4,4,4,2,4,4,4,4,4,11,16
"139",306751961,0.184725491649356,3,3,4,4,16,NA,2,3,4,5,5,1,3,1988,0.374242572865745,4,4,5,5,4,4,4,4,4,4,4,3,4,4,2,4,4,3,3,4,4,4,3,14,18
"140",306752758,0.897103399796371,1,1,4,5,1,NA,9,3,1,8,3,2,4,1957,0.453662026417132,2,1,4,2,4,4,4,4,4,4,4,4,4,4,4,4,4,4,4,4,4,4,4,11,9
"141",306671219,1.82723311193038,1,1,3,1,3,2,9,3,1,5,1,1,5,1975,1.59414893830031,1,1,3,1,1,1,1,1,1,1,1,1,1,1,1,1,1,1,1,1,1,1,1,6,6
"142",306777062,1.11129176391555,4,5,5,5,2,1,9,3,1,7,6,2,3,1962,0.642975678059732,4,5,5,4,3,4,2,2,2,2,2,2,2,2,2,2,3,1,2,4,1,3,2,19,18
"143",307233437,1.52811209779874,4,4,5,5,1,NA,2,1,2,9,5,2,2,1976,1.0060073537498,2,5,5,5,4,4,4,4,4,4,4,4,4,4,4,4,4,4,4,4,4,4,4,18,17
"144",306679493,0.184725491649356,4,5,5,5,1,NA,9,1,4,10,6,1,3,1979,0.409153829453805,4,4,5,4,4,4,4,4,3,4,4,4,4,4,4,3,4,4,4,4,4,4,4,19,17
"145",306771492,0.829736217189176,3,3,5,5,2,NA,9,3,1,15,5,1,3,1970,0.0160156891237334,5,2,5,5,1,1,1,1,1,1,1,1,1,1,1,1,1,1,1,1,1,1,1,16,17
"146",306295549,2.45515796295429,3,3,5,4,2,2,9,3,1,3,2,2,4,1939,0.723618410177437,1,3,4,4,2,1,1,1,2,1,1,1,1,1,1,1,1,1,1,1,1,2,1,15,12
"147",306792592,1.33422379473012,2,3,4,5,2,2,9,2,1,5,2,1,4,1957,0.956486276295953,2,2,3,5,1,1,1,1,1,1,1,1,1,1,1,1,1,1,1,1,1,1,1,14,12
"148",307233446,0.402582139262718,2,3,3,3,1,8,1,1,3,5,3,2,4,1948,0.63834842881421,2,3,3,2,4,4,3,5,5,3,5,5,3,4,3,4,3,2,3,4,5,4,5,11,10
"149",306748064,2.80920975364988,3,5,5,3,1,NA,9,1,2,1,2,1,5,1984,1.92897874724675,5,5,5,5,4,4,4,4,4,4,4,2,4,4,4,4,4,4,4,4,2,4,5,16,20
"150",306725781,0.651274234405124,3,3,3,4,1,NA,2,3,1,6,3,1,2,1954,0.960645125631712,3,5,4,5,4,4,4,4,4,4,4,4,4,4,4,4,4,4,4,4,4,4,4,13,17
"151",306590715,0.679364443277426,5,5,1,5,2,7,9,3,1,3,3,2,5,1956,0.646361868888399,4,4,2,5,2,1,1,1,1,2,1,1,1,1,1,2,1,1,3,2,1,1,1,16,15
"152",306780939,0.50929533481772,3,3,3,3,5,8,2,1,1,6,6,2,3,1975,0.446851927975219,5,3,5,5,4,4,4,4,4,4,4,4,4,4,4,4,4,4,4,4,4,4,4,12,18
"153",306749030,1.15114474463105,4,3,5,4,2,2,9,2,1,97,5,1,4,1959,0.589885125335936,3,2,4,4,1,2,1,5,1,2,2,2,5,1,1,1,1,1,1,1,2,2,2,16,13
"154",306786620,2.45515796295429,2,4,4,2,2,2,9,2,1,3,2,2,4,1931,0.723618410177437,1,1,3,2,2,1,1,1,1,1,1,1,1,2,1,1,1,1,1,1,1,1,1,12,7
"155",307252597,0.252457434968028,5,3,4,4,2,NA,4,1,3,2,5,1,4,1987,1.14185724702234,4,5,5,4,1,2,4,4,4,3,2,1,3,3,2,1,4,1,4,2,2,1,2,16,18
"156",306579188,1.1988596895885,2,2,3,5,1,NA,9,3,1,7,5,2,2,1986,0.666171144777763,4,4,5,5,4,4,4,4,4,4,4,4,4,4,3,4,4,3,4,4,4,4,4,12,18
"157",306363678,1.2291486281984,3,3,5,5,1,3,9,3,2,9,4,1,3,1952,2.99442501561906,4,4,5,5,4,4,4,4,4,4,4,4,4,4,4,4,4,4,4,4,4,4,3,16,18
"158",306773668,1.25473858738267,4,5,5,5,2,2,9,3,1,8,3,1,4,1993,1.45123775886025,4,4,3,2,1,1,1,1,1,1,1,1,1,1,1,1,1,1,1,1,1,1,1,19,13
"159",306781779,0.55205103017143,3,3,3,3,5,NA,9,5,1,97,4,2,6,1990,0.83306571910349,4,5,4,4,5,5,5,5,5,5,5,5,5,5,5,5,5,5,5,5,5,5,5,12,17
"160",306776033,5.95399747948913,3,3,4,4,4,NA,9,3,1,1,2,1,3,1974,1.09533154933277,3,3,3,3,5,5,5,5,5,5,5,5,5,5,5,5,5,5,5,5,5,5,5,14,12
"161",306795768,0.973838801640334,1,2,4,5,1,NA,1,1,1,6,2,2,2,1942,0.502896598953641,2,2,5,4,4,4,4,4,4,4,5,4,4,4,4,4,4,3,3,4,4,4,4,12,13
"162",306768918,0.492941220444275,5,5,5,5,1,NA,2,3,1,2,3,2,2,1957,0.424874630969581,4,5,5,5,4,4,4,4,4,4,4,4,4,4,4,4,4,3,4,4,4,4,4,20,19
"163",306777752,0.897103399796371,4,3,3,5,1,NA,2,1,1,5,3,2,4,1957,0.424874630969581,3,3,3,5,4,4,4,4,4,4,4,4,4,4,4,4,4,4,4,4,4,4,4,15,14
"164",306779704,2.54881206182414,5,5,5,5,2,1,2,3,4,5,4,2,5,1942,0.61596365977676,2,2,5,2,1,1,1,1,1,1,1,1,1,1,1,1,1,1,1,1,1,1,1,20,11
"165",306253550,0.912728745038506,2,2,4,4,1,NA,2,1,1,10,5,1,2,1961,0.484618167331639,1,2,4,4,4,4,4,3,3,4,3,3,4,4,4,3,3,3,3,4,3,4,3,12,11
"166",306681367,0.651274234405124,5,5,5,5,2,NA,9,3,1,10,3,1,3,1956,0.846039610736974,5,4,4,5,1,2,2,2,2,2,2,2,2,2,2,2,2,2,2,2,2,2,2,20,18
"167",306751926,0.457511230948191,1,3,5,5,1,NA,9,1,1,11,5,2,3,1962,0.320046233418881,1,2,5,2,4,4,4,4,4,4,4,4,4,4,4,4,4,4,4,4,4,4,4,14,10
"168",306590870,0.427507374767799,2,1,5,4,1,NA,1,1,1,12,6,2,1,1943,0.516134613101259,2,1,5,3,4,4,4,4,4,4,4,4,4,4,4,4,4,4,4,4,4,4,4,12,11
"169",307247365,0.677968345142039,5,4,5,5,5,5,9,3,6,8,5,2,3,1963,0.860151176544082,5,4,5,5,1,1,5,1,1,1,1,1,1,1,1,1,1,1,1,1,1,1,1,19,19
"170",307252622,1.67442591942909,5,5,5,5,2,4,9,2,1,97,5,1,4,1949,0.107937876759906,4,4,3,4,1,1,1,1,1,1,1,2,2,2,1,2,2,1,1,1,1,5,1,20,15
"171",306713115,0.630436385926579,5,5,5,5,1,NA,2,3,1,97,3,2,2,1947,0.559347796258331,5,3,5,5,4,4,4,4,4,4,3,4,4,4,4,4,4,3,4,4,4,4,4,20,18
"172",306778744,1.21290559801144,4,5,5,5,2,5,9,3,1,4,2,1,4,1954,1.3822732148133,4,4,5,4,2,2,1,1,2,2,5,5,2,2,2,2,1,1,1,2,1,5,2,19,17
"173",306682586,0.912728745038506,1,1,4,1,2,1,9,3,1,12,5,1,4,1964,0.697317556963536,1,1,2,1,1,1,1,1,1,1,1,1,1,1,1,1,1,1,1,1,1,1,1,7,5
"174",306776959,0.394411333296871,1,1,1,3,1,NA,1,1,1,10,6,1,1,1947,0.929728273615743,3,3,4,5,4,4,4,4,4,4,4,4,4,4,4,4,4,4,3,4,4,4,5,6,15
"175",306799422,0.757571743285781,1,1,4,5,2,NA,9,2,1,7,2,2,4,1985,0.964482972599222,2,1,2,1,1,2,1,1,1,1,1,1,1,1,1,2,1,1,1,1,1,1,1,11,6
"176",306771599,0.789854808649643,5,4,5,5,2,NA,4,1,1,1,3,2,3,1943,0.804846093425297,4,2,5,5,4,4,4,4,4,4,4,4,4,4,4,4,4,4,4,4,4,4,4,19,16
"177",306786843,1.51435580100308,4,5,5,5,2,NA,9,3,1,5,2,2,3,1982,0.676941696060555,2,4,5,5,4,4,4,4,4,4,5,4,4,4,4,4,4,4,4,4,4,4,4,19,16
"178",306761947,1.05123079027568,2,3,3,5,1,NA,9,3,1,1,2,1,3,1980,1.06733323309932,3,2,3,4,2,2,2,1,2,2,1,2,2,1,2,2,2,1,2,5,1,2,2,13,12
"179",306769053,0.630436385926579,5,5,5,4,2,1,2,3,1,97,3,2,3,1947,0.804846093425297,4,3,4,5,1,1,2,1,1,2,1,1,1,2,2,2,1,1,1,2,1,1,1,19,16
"180",306679885,0.682649916251403,5,5,5,5,2,4,9,2,1,4,3,2,2,1972,0.646361868888399,5,1,5,5,3,4,4,3,3,4,2,4,4,3,4,4,4,1,2,4,4,4,2,20,16
"181",306749072,0.651274234405124,4,2,3,5,1,NA,1,2,1,4,3,1,3,1958,0.601903046107404,5,4,4,5,1,2,1,2,3,2,2,3,2,1,2,2,2,1,3,2,2,2,3,14,18
"182",306783692,0.793889854226283,4,5,5,5,1,NA,9,1,2,6,2,2,3,1947,1.63155242019218,1,5,5,5,4,4,4,4,4,4,4,4,4,4,4,4,4,4,4,4,4,4,4,19,16
"183",306777190,0.427507374767799,2,1,4,4,1,NA,1,1,1,3,6,2,1,1938,0.432732351806162,4,2,4,2,4,4,4,4,4,4,4,4,4,4,4,4,4,4,4,4,4,4,4,11,12
"184",306779469,1.1258357863752,5,5,5,5,3,NA,2,3,1,7,6,1,3,1962,0.807261335523483,4,5,5,4,4,4,4,4,4,4,4,4,4,4,4,4,4,4,4,4,4,4,4,20,18
"185",306672121,0.454670416163092,2,2,5,2,2,NA,9,3,1,11,4,1,4,1972,0.866078884230726,2,3,5,4,1,2,1,1,1,2,1,2,1,1,2,1,1,1,1,2,1,2,1,11,14
"186",306712806,0.973838801640334,5,3,5,5,2,NA,9,3,1,97,2,2,3,1949,0.122089229201408,2,1,5,5,1,2,1,1,1,2,1,1,1,1,1,1,1,1,1,2,1,1,1,18,13
"187",306766412,0.306432177114589,3,3,3,3,5,NA,9,5,1,1,4,2,6,1968,0.417994178838193,3,3,3,3,5,5,5,5,5,5,5,5,5,5,5,5,5,5,5,5,5,5,5,12,12
"188",306782724,0.568258963014041,4,5,5,5,1,NA,9,3,1,7,1,2,2,1956,0.831178230455886,4,4,5,5,4,4,4,4,4,4,4,4,4,4,4,4,4,4,4,4,4,4,4,19,18
"189",306765609,0.0939376502206616,1,1,3,4,1,NA,2,1,3,5,6,2,3,1942,0.432732351806162,3,3,3,4,4,4,4,4,4,4,4,4,4,4,4,4,4,4,4,4,4,4,4,9,13
"190",306777991,1.03417410949159,4,2,5,4,1,NA,9,1,1,9,2,2,1,1959,0.693668320639723,4,2,5,4,3,4,3,3,3,3,3,3,3,4,3,3,3,2,2,4,2,4,2,15,15
"191",306765211,0.761737589500778,4,5,4,5,5,NA,9,1,2,2,4,2,3,1970,1.63199793401151,4,5,5,5,3,4,4,3,4,5,5,5,5,3,5,5,2,2,5,5,3,3,2,18,19
"192",306549813,1.2859579397334,4,5,5,5,2,1,9,3,1,97,2,2,4,1939,0.723618410177437,1,1,5,4,1,2,1,1,1,1,1,2,1,2,1,2,1,1,1,2,1,1,1,19,11
"193",306781170,1.33422379473012,4,4,5,4,1,NA,1,1,1,10,2,1,4,1956,0.664733910207065,1,1,5,4,4,4,4,4,4,4,4,4,4,4,4,4,4,4,4,4,4,4,4,17,11
"194",306685982,0.795238950382464,4,5,5,5,2,NA,9,3,1,97,5,2,4,1968,0.341730977132347,5,3,5,5,1,1,2,2,2,2,1,2,2,2,2,1,2,1,2,2,1,2,1,19,18
"195",307233500,2.05275966720734,2,2,5,4,2,4,9,2,3,4,2,1,3,1951,0.331577160243288,1,1,5,2,1,1,1,1,1,1,1,1,1,1,1,1,1,1,1,1,1,1,1,13,9
"196",306981085,2.80920975364988,1,1,5,1,1,NA,1,1,2,1,2,1,3,1984,1.92897874724675,3,5,4,1,4,4,4,4,4,4,4,4,4,4,4,4,4,4,4,4,4,4,4,8,13
"197",306788335,1.00467730327264,2,4,4,3,2,1,9,2,1,4,4,2,4,1989,0.666171144777763,3,3,3,3,1,2,2,2,2,2,2,2,2,2,2,2,2,2,2,2,2,2,2,13,12
"198",307233504,0.390440505882155,4,4,4,3,4,NA,9,3,6,3,2,2,6,1991,6.22765339411356,3,3,3,3,2,5,5,5,5,5,5,5,5,5,5,5,5,5,5,5,5,5,5,15,12
"199",306729138,1.03249425122447,3,3,3,3,1,NA,9,1,4,9,5,1,4,1979,0.36327561658671,3,3,3,3,4,4,4,4,4,4,4,4,4,4,4,4,4,4,4,4,4,4,4,12,12
"200",306604064,1.3276320595029,2,3,2,5,1,NA,1,3,1,8,5,1,3,1941,0.601208098877031,4,3,3,5,4,4,4,4,3,3,4,3,4,4,4,4,4,3,4,4,4,3,4,12,15
"201",306774437,1.25473858738267,5,3,5,5,2,1,9,2,1,10,3,1,4,1992,6.15672907540454,4,2,5,5,2,3,3,2,2,3,2,2,5,2,1,3,5,2,2,5,3,2,1,18,16
"202",306214538,0.757571743285781,4,5,5,4,2,2,9,2,1,97,2,2,4,1978,0.912243014097629,1,1,1,4,1,1,1,1,1,1,1,1,1,1,1,1,1,1,1,1,1,1,1,18,7
"203",306676382,0.389411114176981,3,3,3,3,5,NA,9,5,3,9,2,2,6,1998,1.3291314218347,4,3,5,4,5,4,5,5,5,5,5,5,5,3,5,5,5,5,5,5,5,5,5,12,16
"204",306792602,0.413328180169319,5,3,4,5,2,1,9,2,1,13,3,1,3,1976,1.43833256434833,4,3,5,5,1,2,5,1,1,2,1,1,1,2,1,2,1,1,1,5,1,1,1,17,17
"205",307233509,2.12335144721,3,3,4,3,1,NA,9,1,3,4,3,2,4,1952,0.249221838281156,4,4,5,4,4,4,4,4,4,4,4,4,4,4,4,4,4,4,4,4,4,4,4,13,17
"206",306776990,0.552710493965987,1,1,4,4,1,NA,1,1,2,6,3,2,1,1958,1.11806029276567,1,2,5,4,4,4,4,4,4,4,4,4,4,4,4,4,4,4,4,4,4,4,4,10,12
"207",306512708,5.70911658804585,5,5,4,5,2,NA,9,5,1,5,2,1,6,1947,1.02573366964107,2,3,3,2,1,1,1,1,1,1,1,1,1,2,1,1,1,1,1,1,1,1,1,19,10
"208",306621836,0.546510563506584,1,5,5,5,1,NA,1,1,2,1,2,2,1,1972,1.36238330919828,1,5,5,5,4,4,4,4,4,4,4,4,4,4,4,4,4,4,4,4,4,4,4,16,16
"209",306747344,0.898605460822128,2,4,4,4,1,4,9,3,1,4,6,1,3,1971,0.91721839488524,4,5,5,5,4,3,4,4,3,3,4,3,4,4,4,4,3,4,4,4,4,4,4,14,19
"210",307233512,0.637374620792583,5,5,5,5,1,NA,9,3,3,5,4,1,4,1973,0.617115196851842,5,4,5,5,4,4,4,4,4,4,3,4,4,4,3,4,3,3,4,4,4,4,3,20,19
"211",306776851,0.457511230948191,4,1,4,5,1,5,9,3,1,9,5,2,2,1966,0.381730042070354,4,3,5,4,4,4,4,4,5,5,4,5,4,4,4,4,5,3,5,4,4,4,4,14,16
"212",307252741,0.677968345142039,1,4,2,5,1,NA,1,1,6,11,3,2,2,1960,0.424874630969581,3,2,5,5,4,4,4,4,4,4,4,4,4,4,4,4,4,4,4,4,4,4,4,12,15
"213",306750853,0.987738946552522,5,5,5,4,2,NA,9,1,1,4,2,2,4,1955,0.723618410177437,4,4,4,5,3,4,3,5,3,5,5,2,3,3,2,2,3,3,3,3,2,4,5,19,17
"214",307233516,0.374896433458872,3,3,4,5,1,8,2,1,3,7,3,2,3,1962,1.0250635414619,3,3,4,5,3,3,5,5,2,4,5,5,5,3,5,3,2,2,5,3,3,3,5,15,15
"215",306774906,1.39230406609758,2,3,4,4,1,NA,9,2,1,9,6,2,3,1952,0.432732351806162,3,5,3,4,4,4,4,4,5,4,4,5,4,4,4,4,4,3,4,4,4,5,2,13,15
"216",307233517,1.14003052073747,4,3,5,3,5,NA,9,3,3,6,2,2,6,1990,1.3291314218347,4,4,5,4,2,2,3,2,2,2,2,2,2,2,2,2,2,1,3,2,2,2,2,15,17
"217",306695906,0.653487528236612,3,4,4,3,1,NA,9,3,1,3,2,1,3,1986,2.8193857016274,5,5,5,5,4,4,4,4,4,4,4,4,4,4,4,4,4,4,4,4,4,4,4,14,20
"218",306758136,0.457511230948191,4,5,5,5,2,NA,2,3,1,4,5,2,3,1966,0.407594174391487,2,3,5,4,4,4,4,4,4,4,4,3,4,4,4,4,5,4,4,4,4,4,4,19,14
"219",306712182,0.653487528236612,3,3,5,4,5,8,4,3,1,3,2,1,3,1972,0.768192803148124,3,4,5,3,2,5,5,5,5,5,5,5,5,5,5,5,2,2,5,5,5,5,2,15,15
"220",306771131,0.546510563506584,3,4,5,5,1,NA,9,1,2,2,3,2,1,1986,0.401918008392616,1,4,5,5,4,4,4,4,4,4,4,4,4,4,4,4,4,4,4,4,4,4,4,17,15
"221",306769413,0.793889854226283,4,4,5,4,1,8,1,1,2,4,2,2,3,1949,0.990687257608944,4,4,4,4,4,4,4,2,3,2,1,2,4,4,2,4,2,2,2,2,4,4,2,17,16
"222",307233524,1.25607657657547,3,3,3,3,4,NA,9,3,3,3,2,2,4,1952,0.282380515790013,3,3,3,3,1,1,1,1,1,1,1,1,1,1,1,1,1,1,1,1,1,1,1,12,12
"223",306715039,0.601811157800441,5,5,5,5,3,NA,9,3,1,3,2,1,1,1961,0.956486276295953,3,5,5,5,1,5,5,1,2,2,2,1,2,3,5,5,5,5,2,2,5,5,5,20,18
"224",307233526,1.15312038342619,4,4,4,4,1,NA,2,5,1,9,5,1,3,1987,0.740449654086598,3,4,2,3,5,5,5,5,5,5,5,5,5,5,5,5,5,5,5,5,5,5,5,16,12
"225",306587758,1.15114474463105,4,5,5,5,2,1,9,2,1,6,5,1,4,1955,0.936281631957036,1,4,5,2,1,1,1,1,1,1,1,1,1,1,1,1,1,1,1,1,1,1,1,19,12
"226",306776983,0.795238950382464,4,4,5,5,2,1,9,2,1,5,5,2,4,1961,0.460514839614568,3,2,3,3,1,1,1,1,1,1,1,1,1,1,1,1,1,1,1,2,1,2,1,18,11
"227",306511246,1.49054343522695,3,3,3,3,1,NA,9,3,3,97,4,2,3,1981,1.16815345716619,3,3,3,3,4,3,3,3,3,3,5,3,4,3,3,1,2,3,3,3,3,3,3,12,12
"228",306736974,0.832624385436321,3,3,5,3,2,1,9,2,1,16,5,2,4,1971,0.549271732468765,2,1,5,2,1,2,1,1,1,1,1,1,1,1,1,1,1,1,1,1,1,1,1,14,10
"229",306368600,7.02525161906657,4,4,4,5,1,NA,9,1,2,5,3,1,3,1965,5.06715207608726,5,5,5,5,4,4,4,4,4,4,4,4,4,4,4,4,4,4,4,4,4,4,4,17,20
"230",306748899,1.14733076016719,5,4,5,5,1,NA,9,2,1,2,3,2,4,1950,0.661218637370572,4,4,5,5,4,4,4,4,4,4,4,4,4,4,4,4,4,4,4,4,4,4,4,19,18
"231",306510297,0.960712837968907,4,4,3,5,1,NA,2,1,2,5,4,2,3,1961,1.11806029276567,3,5,4,5,4,4,4,3,4,4,5,4,4,4,5,4,4,3,3,4,5,4,5,16,17
"232",306734821,0.630436385926579,2,4,4,5,1,8,1,1,1,12,3,2,3,1950,0.559347796258331,4,4,4,5,4,4,4,4,4,4,4,4,4,4,4,4,4,4,4,4,4,4,4,15,17
"233",306781572,2.80920975364988,3,5,5,5,1,NA,1,1,2,5,2,1,2,1984,1.32151793696465,1,5,4,5,4,4,4,4,4,4,4,4,4,4,4,4,4,4,4,4,4,4,4,18,15
"234",306679662,0.793889854226283,4,4,4,4,1,NA,1,1,2,3,1,2,3,1947,4.34732789581756,3,5,4,5,4,4,4,4,4,4,4,4,4,4,4,4,4,4,4,4,4,4,4,16,17
"235",306560144,1.2116215999831,5,5,5,5,1,8,1,1,2,2,2,2,2,1972,1.36238330919828,4,5,5,5,4,4,4,4,4,4,4,4,4,4,4,4,4,4,4,4,4,4,4,20,19
"236",306756092,0.454670416163092,4,4,5,4,2,1,4,2,1,5,3,1,4,1982,1.43833256434833,3,3,3,3,2,2,5,5,5,5,5,5,5,5,5,5,5,5,2,5,2,2,5,17,12
"237",306768297,0.435840800599055,3,4,5,5,2,1,9,2,1,3,1,2,3,1977,0.912243014097629,2,1,4,4,1,1,1,1,1,1,1,1,1,1,1,1,1,1,1,1,1,1,1,17,11
"238",306777163,0.912728745038506,2,3,4,4,2,3,9,2,1,13,5,1,4,1971,0.737249723804233,1,3,4,3,2,2,2,2,5,5,1,2,5,2,2,1,1,1,1,5,2,5,1,13,11
"239",307252776,1.53365462949907,3,4,4,3,2,4,9,2,1,6,3,1,4,1935,1.45123775886025,2,2,4,2,1,1,1,1,1,1,1,1,1,1,1,1,1,1,1,1,1,1,1,14,10
"240",307251767,0.413829244685898,3,3,3,4,1,NA,9,1,3,2,2,2,1,1981,0.715707031134326,1,5,5,3,4,4,4,4,4,4,5,4,5,4,4,4,4,4,4,4,4,4,4,13,14
"241",307233544,1.02644684239364,2,2,5,5,2,NA,9,3,1,97,6,2,5,1984,1.02583053266917,3,2,3,3,2,3,3,1,5,2,1,1,1,2,1,1,2,2,1,2,1,2,1,14,11
"242",306797117,1.51435580100308,5,5,5,5,4,NA,9,3,1,5,2,2,6,1973,0.820002196895577,5,5,4,3,3,4,5,5,5,5,5,5,4,4,5,5,5,5,5,5,5,5,5,20,17
"243",306720158,0.492941220444275,-2,3,4,5,5,NA,9,3,1,9,3,2,2,1953,0.597246425712529,4,1,4,3,4,4,4,5,3,5,5,5,5,4,4,4,3,2,5,3,4,4,5,10,12
"244",306792357,0.682649916251403,2,2,3,5,1,NA,1,3,1,11,3,2,2,1975,0.449205245451935,1,2,4,4,4,4,4,4,4,4,4,4,4,4,4,4,4,4,4,4,4,4,4,12,11
"245",307233551,1.36639474100612,2,1,3,4,1,2,1,1,6,4,3,2,4,1970,0.867136829690022,3,3,4,3,4,4,4,4,4,4,4,4,4,4,4,4,3,4,4,4,4,4,4,10,13
"246",306236322,0.783166264118672,2,4,5,5,2,NA,9,2,1,8,2,2,4,1952,0.723618410177437,1,4,5,4,1,2,1,2,1,1,2,2,2,2,1,2,1,1,1,1,1,5,2,16,14
"247",307252798,0.340449910653288,5,5,5,5,2,1,9,3,3,5,5,1,4,1972,0.0650239462998681,5,5,5,5,1,1,1,1,1,1,1,1,1,1,1,1,1,1,1,1,1,1,1,20,20
"248",306782737,0.901896307277064,4,2,5,3,1,3,9,2,1,10,5,1,4,1975,0.512370019151042,3,1,5,3,2,4,4,2,2,4,1,1,3,4,2,4,4,1,2,4,4,4,1,14,12
"249",306771704,0.617591246382912,3,4,4,3,1,NA,1,1,1,7,3,2,2,1954,0.559347796258331,2,2,5,3,4,4,4,4,4,4,4,4,4,4,4,4,4,4,4,4,4,4,4,14,12
"250",306265003,0.566562297734918,3,2,5,3,1,NA,9,1,3,3,2,2,2,1965,1.73852532814348,2,3,4,3,2,2,5,5,2,2,5,5,5,5,3,2,2,5,5,5,2,2,2,13,12
"251",307252807,0.690823855873196,4,4,4,3,2,4,9,2,1,4,6,2,3,1967,0.517165995111569,3,4,3,3,3,4,4,4,4,3,4,4,4,4,4,4,3,4,4,4,4,4,4,15,13
"252",306781775,1.97445089108111,5,4,4,4,2,NA,9,1,1,3,2,2,3,1969,0.866959948366454,4,4,4,5,1,2,2,5,2,2,5,5,2,1,2,2,4,4,2,2,1,5,1,17,17
"253",306685403,0.651274234405124,5,5,4,5,2,1,9,3,1,1,3,1,3,1970,1.2349029074748,4,5,3,5,1,1,1,1,2,2,2,2,2,1,1,2,2,1,1,2,1,1,1,19,17
"254",307252814,0.26695956152453,4,4,4,5,1,NA,1,1,3,7,5,2,4,1983,0.706541909501608,3,3,5,5,4,4,4,4,4,4,4,4,4,4,4,4,4,4,4,4,4,4,4,17,16
"255",306792179,0.960712837968907,2,2,2,4,1,NA,1,1,2,2,2,2,2,1958,1.98862866370423,3,4,4,4,4,4,3,4,4,5,3,4,4,4,5,4,4,5,5,4,4,5,5,10,15
"256",307252820,0.297158118831466,4,4,5,5,2,2,9,2,5,9,3,1,4,1965,0.574091493524621,4,4,5,5,1,2,3,2,1,3,2,2,2,3,2,2,2,1,2,2,1,3,2,18,18
"257",306732780,4.00211875510287,4,3,4,4,1,NA,9,1,1,97,2,2,3,1949,0.536970375564567,4,2,4,3,4,4,4,4,3,4,3,3,4,4,4,4,4,4,3,4,4,4,3,15,13
"258",306774564,6.14151877193227,4,4,4,5,1,NA,9,1,1,10,3,1,2,1961,0.642685008000112,5,4,5,5,4,4,4,4,4,4,4,4,4,4,4,4,4,4,4,4,4,4,4,17,19
"259",307233577,1.39230406609758,4,2,4,4,1,NA,1,1,1,7,6,2,3,1956,0.528234534753987,4,5,5,5,4,4,4,4,4,4,4,4,4,4,4,4,4,2,4,4,4,4,4,14,19
"260",306779496,0.832624385436321,3,2,3,4,2,1,9,2,1,31,5,2,4,1957,0.460514839614568,1,2,4,3,1,1,1,1,1,1,5,1,1,1,1,1,1,1,1,1,1,1,1,12,10
"261",307252829,0.794906687711431,2,3,4,4,4,NA,2,3,1,8,6,1,3,1944,0.992722045237899,2,3,4,4,4,4,4,3,3,3,3,3,4,4,3,4,3,3,3,4,4,4,3,13,13
"262",306778457,0.987738946552522,5,5,5,5,2,3,9,2,1,5,2,2,4,1955,0.536970375564567,4,3,5,3,1,1,1,1,1,1,1,1,1,1,1,1,1,1,1,1,1,1,1,20,15
"263",306774908,0.988235913902588,3,4,5,5,2,NA,9,1,1,7,5,2,4,1946,0.556854497760127,1,3,4,5,3,3,2,5,2,2,2,4,5,5,2,2,5,5,2,2,5,2,2,17,13
"264",306760135,1.2291486281984,4,4,4,4,1,NA,1,1,2,3,5,1,2,1956,0.767758733646291,4,4,5,4,4,4,4,4,4,4,4,4,4,4,4,4,4,4,4,4,4,4,4,16,17
"265",306781753,0.903553318172365,3,3,3,3,2,1,9,3,1,7,4,1,4,1963,1.2349029074748,3,3,3,3,1,1,1,1,1,1,1,1,1,1,1,1,1,1,1,1,1,1,1,12,12
"266",306792529,0.568258963014041,2,2,3,3,1,NA,9,1,1,2,2,2,3,1971,0.767968466639764,4,3,4,3,3,3,2,3,3,2,2,3,5,3,3,3,3,2,3,3,2,3,2,10,14
"267",307233596,0.26695956152453,4,5,5,5,17,NA,9,2,3,9,5,2,4,1986,0.988181556036908,5,5,4,4,4,4,4,5,4,4,5,5,5,5,4,4,4,4,5,4,4,4,5,19,18
"268",306765648,0.987738946552522,3,5,5,5,2,1,9,3,1,2,2,2,4,1955,0.536970375564567,4,5,5,5,2,2,2,2,2,2,3,2,3,1,2,2,2,2,2,2,4,3,2,18,19
"269",306748408,0.856822810521885,5,5,5,4,5,NA,9,2,1,1,3,2,4,1967,0.646361868888399,4,4,5,4,3,4,4,2,4,5,2,5,5,4,5,4,5,2,5,3,2,5,2,19,17
"270",306789184,1.21290559801144,5,5,5,5,1,NA,9,3,1,4,1,1,3,1960,0.664733910207065,4,3,4,5,4,4,4,4,4,4,4,4,4,4,4,4,4,4,4,4,4,4,4,20,16
"271",306774899,0.424362766529194,2,2,4,4,1,NA,2,3,1,6,4,2,3,1984,0.813790301947681,4,3,3,4,4,4,4,3,4,4,3,4,3,4,3,4,3,3,3,4,4,4,3,12,14
"272",307233603,5.82388805309671,2,3,4,4,2,NA,9,2,1,2,3,2,4,1961,0.479641162532768,3,2,2,4,1,1,1,1,1,1,1,1,1,1,1,1,1,1,1,1,1,1,1,13,11
"273",307252853,0.413328180169319,4,4,4,4,1,NA,9,3,1,8,4,1,4,1976,0.999604963889295,2,3,3,3,4,4,4,4,4,4,4,4,4,4,4,4,4,4,4,4,4,4,4,16,11
"274",306765687,0.394411333296871,2,1,5,4,1,NA,1,1,1,14,6,1,1,1946,1.32565770757637,1,1,5,4,4,4,4,4,4,4,4,4,4,4,4,4,4,4,4,4,4,4,4,12,11
"275",307233623,1.14003052073747,5,4,5,3,1,NA,9,5,3,2,2,2,6,1994,7.08611241416745,5,4,4,4,4,4,4,4,4,4,4,4,5,4,4,4,4,4,4,4,4,4,4,17,17
"276",306677528,0.353252728680978,5,5,5,5,1,NA,9,1,1,4,2,2,3,1971,0.820002196895577,5,5,5,5,4,4,4,4,4,4,4,4,4,4,4,4,4,4,4,4,4,4,4,20,20
"277",306753663,0.783166264118672,4,5,5,3,2,2,9,3,1,4,2,2,5,1964,1.10503058094354,1,5,5,5,1,1,1,1,1,1,1,1,1,1,1,1,1,1,1,1,1,1,1,17,16
"278",306781671,0.580185225832351,4,3,2,3,1,NA,9,1,1,5,6,1,3,1982,1.11846167844637,3,4,3,2,4,4,4,4,4,4,4,4,4,4,4,4,4,4,4,4,4,4,4,12,12
"279",306669446,0.270936249321093,1,1,3,4,1,NA,2,3,1,7,2,2,1,1986,2.64047989425155,1,2,3,4,4,4,4,4,4,4,4,3,4,4,4,4,4,4,4,4,4,4,5,9,10
"280",307252871,0.719918393871628,2,4,1,5,5,3,9,3,3,8,3,1,3,1993,1.28892406297533,4,5,5,5,4,4,4,4,4,4,4,5,4,4,4,4,4,4,4,4,4,4,5,12,19
"281",306498373,0.745259616155503,4,4,4,4,1,NA,2,1,1,3,5,2,1,1983,0.623898856017071,2,4,5,5,4,4,4,4,4,4,4,4,4,4,4,4,4,4,4,4,4,4,4,16,16
"282",306971505,6.65043347365081,3,3,4,5,17,NA,2,1,3,4,2,1,4,1996,7.08611241416745,3,4,4,4,3,2,1,3,1,3,3,2,3,1,3,3,3,2,2,3,3,2,2,15,15
"283",306765714,0.883394692546961,5,4,5,5,1,NA,2,3,1,6,2,1,3,1931,0.658143910121459,5,1,4,5,4,4,3,3,4,4,4,4,4,4,4,4,3,3,4,4,4,4,4,19,15
"284",307230617,0.223413817840289,5,4,5,3,1,NA,1,1,3,1,5,2,3,1987,0.706541909501608,2,3,4,3,4,3,2,3,3,5,4,4,4,2,3,2,4,3,4,4,4,4,5,17,12
"285",306739483,0.413328180169319,5,4,5,5,3,4,9,2,1,5,3,1,3,1978,0.9301517742143,4,3,3,4,4,4,4,4,4,4,4,4,4,4,4,4,3,3,4,4,2,4,4,19,14
"286",306771351,1.03249425122447,3,3,3,3,1,NA,9,3,4,2,5,1,2,1995,3.86355848000976,3,3,3,3,4,4,4,5,5,5,4,5,5,5,5,5,4,4,4,5,5,5,5,12,12
"287",306748151,0.220703138335957,4,1,4,4,1,NA,2,1,1,9,6,2,1,1987,0.960735842158379,4,1,5,5,4,4,4,4,4,4,4,4,4,4,4,4,4,4,4,4,4,4,4,13,15
"288",306762098,0.960712837968907,1,2,5,5,1,NA,1,1,2,2,3,2,3,1971,1.11806029276567,1,5,5,4,4,4,4,4,4,4,4,4,4,4,4,4,4,4,4,4,4,4,4,13,15
"289",306792694,0.435840800599055,1,5,5,3,1,NA,9,1,1,5,2,2,6,1975,1.87760848141086,3,3,5,5,4,4,4,3,4,4,4,4,4,4,4,4,4,4,3,4,4,4,4,14,16
"290",306727591,0.912728745038506,4,3,2,1,2,1,9,3,1,14,5,1,4,1966,0.697317556963536,4,4,3,3,1,1,1,1,1,1,1,1,1,1,1,1,1,1,1,1,1,1,1,10,14
"291",306770849,1.1258357863752,4,3,3,4,1,NA,9,1,1,97,6,1,2,1952,1.32565770757637,4,3,4,4,4,4,4,5,3,5,2,3,4,4,3,4,3,3,2,3,3,3,5,14,15
"292",306752201,0.682649916251403,4,2,5,5,1,NA,9,1,1,6,3,2,2,1985,0.83306571910349,4,3,5,4,4,4,4,5,5,5,5,5,5,4,2,4,5,5,3,4,3,4,5,16,16
"293",306774896,0.50929533481772,2,3,3,4,2,2,9,5,1,6,6,2,3,1972,0.642975678059732,3,4,3,4,3,3,3,5,2,3,5,3,5,4,5,4,2,5,5,3,4,5,5,12,14
"294",307231491,0.596599768109277,5,3,3,3,2,NA,9,3,4,97,6,2,6,1986,0.736624648958758,4,3,4,4,2,3,2,3,2,2,2,5,5,2,2,3,2,2,3,5,3,2,2,14,15
"295",307232190,0.184725491649356,2,4,4,4,1,NA,2,3,4,12,6,1,3,1962,0.198658841794915,5,5,5,5,4,4,4,4,4,4,4,4,4,4,3,4,4,4,4,4,4,4,4,14,20
"296",307231492,0.677968345142039,2,4,4,3,2,NA,2,3,4,97,6,2,3,1962,1.00335813344042,4,3,4,4,4,4,3,4,3,3,3,5,4,3,2,4,2,2,3,3,2,5,2,13,15
"297",306777729,0.832624385436321,4,5,5,5,2,1,9,2,1,11,5,2,4,1965,0.460514839614568,4,1,4,5,1,1,1,1,1,1,1,1,1,1,1,2,1,1,1,1,1,2,1,19,14
"298",306677651,0.630535345423449,4,4,4,4,2,1,9,2,1,9,5,2,4,1970,0.549271732468765,3,2,4,4,2,2,2,2,2,2,2,2,2,2,2,2,2,2,2,2,2,2,2,16,13
"299",306779385,0.897103399796371,2,1,5,2,2,NA,9,2,1,12,3,2,4,1957,0.491001931358335,2,2,4,3,2,2,2,1,1,1,1,2,1,2,2,2,1,1,1,2,2,1,1,10,11
"300",306779242,0.390440505882155,2,2,4,5,1,NA,9,1,4,11,2,2,2,1997,3.06806354286047,1,2,3,3,4,4,4,4,4,4,4,4,4,4,4,4,4,4,4,4,4,4,4,13,9
"301",306763342,0.492941220444275,1,5,4,5,1,NA,1,1,1,7,3,2,2,1955,0.559347796258331,2,4,5,5,4,4,4,3,4,4,4,4,4,4,4,4,4,4,4,4,4,4,3,15,16
"302",306702534,0.710562417420501,-2,4,-2,-2,17,3,9,1,4,6,3,2,3,1987,0.868928692253757,5,4,5,4,1,2,1,1,2,1,1,2,1,2,2,1,2,2,2,2,2,2,2,-2,18
"303",306780672,3.12672580806741,5,5,5,5,2,NA,9,2,1,3,3,2,3,1988,0.889510115971582,4,3,5,5,1,1,1,1,1,1,1,1,1,1,1,1,1,1,1,1,1,1,1,20,17
"304",306779647,1.26845869643767,4,2,2,4,3,NA,9,2,1,4,5,1,4,1991,3.98148009354074,4,1,2,4,2,3,3,2,2,2,2,3,3,3,2,3,2,2,2,3,4,5,2,12,11
"305",307054256,0.415162920747772,5,4,4,4,1,NA,2,1,2,10,2,1,3,1974,1.71453477598514,3,3,4,4,4,4,4,4,3,3,4,3,4,3,3,4,4,2,3,4,3,4,2,17,14
"306",306660086,1.21290559801144,5,5,4,5,16,1,9,2,1,9,2,1,4,1960,0.956486276295953,5,5,4,4,4,4,2,2,2,3,1,1,3,4,3,3,3,3,1,4,1,4,2,19,18
"307",306662390,0.600669472497556,4,3,4,3,2,NA,9,2,1,7,2,2,4,1985,0.676941696060555,3,3,3,3,1,1,1,1,1,1,1,1,1,1,1,1,1,1,1,1,1,1,1,14,12
"308",306760785,0.994867049999202,2,2,4,4,1,NA,1,1,1,9,3,1,2,1996,4.27877189020208,4,2,5,4,4,4,4,4,4,4,4,4,4,4,4,4,4,4,4,4,4,4,4,12,15
"309",306796057,0.973838801640334,4,4,4,4,1,NA,2,3,1,2,2,2,3,1943,0.536970375564567,4,4,5,5,4,4,4,4,4,4,4,4,4,4,4,4,4,4,4,4,4,4,4,16,18
"310",306803688,1.05123079027568,4,4,4,4,1,8,1,1,1,11,2,1,2,1982,2.44488732345338,3,3,3,3,4,4,4,4,4,4,4,4,4,4,4,4,4,4,4,4,4,4,4,16,12
"311",306751850,0.794906687711431,5,5,5,5,1,NA,2,3,1,10,6,1,3,1951,0.929728273615743,5,5,5,5,4,4,4,2,4,4,2,4,4,4,4,4,4,4,4,4,4,4,3,20,20
"312",306776908,1.28627879962485,1,1,2,2,3,4,9,2,1,11,6,1,4,1972,1.31978644928864,1,2,2,2,2,2,2,2,2,1,1,1,2,2,1,1,2,1,2,1,1,5,2,6,7
"313",306752290,0.912728745038506,4,4,4,4,2,NA,9,3,1,97,5,1,3,1955,1.3350018463341,2,3,4,4,1,1,1,1,1,1,1,1,1,1,1,1,1,1,1,1,1,1,1,16,13
"314",306781541,0.760828726060129,2,2,5,5,2,NA,9,2,1,10,3,2,5,1997,7.08611241416745,4,4,5,5,4,4,4,4,4,4,4,4,4,4,4,4,4,4,4,4,4,4,4,14,18
"315",306799273,1.44879103424961,4,5,5,2,2,1,9,2,1,13,1,1,4,1974,1.59414893830031,5,5,5,1,1,1,1,1,1,1,1,1,1,1,1,1,1,1,1,1,1,1,1,16,16
"316",307231509,0.184725491649356,3,2,3,2,16,3,9,3,4,97,3,1,3,1996,1.37151955266241,2,2,3,4,4,4,4,3,4,4,4,4,4,4,4,4,4,3,3,4,4,4,3,10,11
"317",306659923,0.242713591984373,4,3,3,5,1,NA,2,1,6,8,4,2,2,1988,0.401918008392616,5,3,4,5,4,4,4,5,4,5,5,4,4,4,4,4,4,4,4,4,4,4,4,15,17
"318",306766146,0.343587172173247,4,5,5,3,1,NA,1,1,2,1,2,2,3,1966,1.36238330919828,3,3,3,3,4,4,4,4,4,4,4,4,4,4,4,4,4,4,4,4,4,4,4,17,12
"319",306766185,1.18657153345361,5,1,5,5,2,1,4,2,1,3,3,2,4,1978,1.17096366477412,5,3,5,3,2,2,2,2,2,2,2,2,2,2,2,2,2,1,2,2,2,2,2,16,16
"320",306799535,0.270936249321093,4,3,4,3,1,NA,1,1,1,3,2,2,6,1983,0.633985955520981,5,4,4,3,4,4,4,4,4,4,4,4,4,4,4,4,4,4,4,4,4,4,4,14,16
"321",307233758,0.809308986516469,3,3,3,3,1,NA,9,3,3,2,6,2,3,1963,0.269268390158831,3,2,3,3,2,2,2,1,2,1,1,1,1,2,1,2,1,1,1,2,1,2,1,12,11
"322",306576687,0.568258963014041,3,4,4,5,1,NA,9,3,1,2,2,2,3,1958,0.453662026417132,4,4,4,5,4,4,4,4,4,4,4,4,4,5,4,4,4,4,4,4,4,4,4,16,17
"323",306522617,0.968101748962863,4,4,4,5,1,NA,9,1,1,8,2,1,2,1967,0.702800161575587,3,4,4,4,4,4,4,4,4,4,4,4,4,4,4,4,4,4,4,4,4,4,4,17,15
"324",306755233,0.568258963014041,3,4,5,4,2,1,9,3,1,6,2,2,3,1960,0.646361868888399,5,3,5,5,3,3,2,2,3,3,2,2,4,4,2,4,1,1,2,4,2,4,3,16,18
"325",306753464,0.81927644242707,5,5,5,5,1,8,2,1,1,10,6,2,3,1973,0.446851927975219,5,4,5,5,3,3,4,3,2,2,2,2,2,4,2,2,2,2,2,3,3,3,2,20,19
"326",306775475,1.24235412933797,5,5,5,5,2,1,9,2,1,6,3,2,4,1975,0.661671580280404,1,2,4,3,1,1,1,1,1,1,1,1,1,1,1,1,1,1,1,1,1,1,1,20,10
"327",307253018,0.353252728680978,3,2,5,3,1,NA,9,3,1,5,1,2,3,1971,0.831178230455886,5,5,5,5,4,4,4,4,4,4,4,4,4,4,4,4,4,4,4,4,4,4,4,13,20
"328",306715284,0.353252728680978,3,4,5,4,2,1,9,2,1,10,2,2,3,1955,0.723618410177437,2,3,3,3,2,2,1,2,1,5,5,2,2,3,2,5,1,1,2,1,1,5,1,16,11
"329",306713265,1.21290559801144,4,3,3,4,1,NA,2,1,1,4,2,1,4,1969,0.702800161575587,2,2,1,4,2,3,2,5,2,1,2,5,5,2,5,2,2,1,2,2,1,2,2,14,9
"330",306683009,1.18657153345361,3,2,4,4,1,NA,9,1,1,9,4,2,4,1977,0.813790301947681,2,3,4,4,4,4,4,3,3,3,3,3,4,3,3,4,3,4,3,4,4,4,3,13,13
"331",307253030,3.16671137344823,5,3,4,3,5,NA,9,3,3,97,2,2,6,1965,0.6787491887199,3,3,4,3,5,1,5,5,5,5,5,5,5,5,5,5,5,5,5,2,2,1,3,15,13
"332",306760854,0.389411114176981,3,3,3,4,2,NA,9,1,3,4,2,2,3,1991,7.08611241416745,3,3,3,3,3,5,2,2,5,5,5,5,3,3,5,2,2,2,5,2,2,2,5,13,12
"333",306684889,1.25473858738267,5,5,5,5,2,NA,9,3,1,3,3,1,4,1992,7.08611241416745,5,4,4,5,2,1,2,2,1,2,1,2,1,1,2,2,2,2,2,2,2,2,1,20,18
"334",306779616,0.435840800599055,4,4,5,3,2,NA,9,1,1,7,2,2,3,1974,0.866959948366454,5,5,5,5,3,4,5,5,4,3,5,5,5,2,4,5,4,4,5,4,2,4,2,16,20
"335",306786073,3.18817861766652,4,4,5,5,5,NA,9,5,3,4,2,1,3,1990,5.9836864653445,4,3,5,5,2,1,1,1,1,1,2,3,2,4,2,1,2,1,2,2,2,1,5,18,17
"336",307250227,0.242713591984373,4,3,4,3,1,NA,9,3,6,97,5,2,6,1994,0.721227051510082,4,3,4,5,4,4,4,4,4,4,4,4,4,4,4,4,4,4,4,4,4,4,4,14,16
"337",307250228,0.184725491649356,2,3,4,5,2,NA,9,3,4,7,6,1,3,1957,0.285850402580629,2,3,3,5,1,2,2,1,1,1,1,2,2,1,1,1,1,1,1,2,1,1,1,14,13
"338",306752778,0.573202076914595,4,4,5,4,17,NA,9,3,1,4,5,2,2,1952,0.36011087554391,4,4,5,5,4,4,4,4,3,4,4,5,3,3,4,4,3,4,3,4,4,4,3,17,18
"339",306789242,1.44879103424961,2,4,5,5,2,NA,9,3,1,9,2,1,5,1980,2.46725702899361,3,3,5,3,2,2,2,2,2,2,2,2,2,1,1,2,1,1,2,2,2,2,1,16,14
"340",306775084,0.795238950382464,2,4,4,2,2,NA,9,3,1,9,5,2,4,1963,0.460514839614568,2,4,5,2,2,2,2,1,2,5,2,2,2,2,1,3,2,1,1,1,1,5,1,12,13
"341",306760415,0.897103399796371,4,4,5,4,2,1,9,2,1,5,3,2,4,1963,0.646361868888399,1,5,5,4,1,2,1,1,1,1,1,1,1,1,1,1,1,1,1,1,1,1,1,17,15
"342",306757948,0.707405889777718,2,2,4,3,1,NA,9,1,1,6,2,2,3,1988,0.676941696060555,2,2,4,4,4,4,3,2,3,2,3,3,4,4,3,3,2,3,3,3,3,4,2,11,12
"343",306762238,0.71641649759272,4,4,5,4,2,3,9,2,1,11,4,1,3,1956,0.846039610736974,2,3,5,4,1,1,1,1,1,1,1,1,1,1,1,1,1,1,1,1,1,1,1,17,14
"344",307247403,0.242713591984373,4,2,4,4,1,NA,9,3,4,3,5,2,1,1989,0.736624648958758,4,4,3,5,4,4,4,4,4,4,4,4,4,4,4,4,4,4,4,4,4,4,4,14,16
"345",306779415,0.653487528236612,5,5,5,5,2,1,1,3,1,1,2,1,3,1975,0.768192803148124,5,5,5,5,1,1,1,2,1,1,2,2,2,1,1,3,1,1,1,1,1,1,2,20,20
"346",306508327,0.50929533481772,1,1,4,3,2,1,9,2,1,11,6,2,3,1986,1.38240374691262,2,4,3,3,1,1,1,1,1,1,1,1,1,3,1,2,1,1,1,1,1,1,1,9,12
"347",307247404,1.89568454722771,4,3,4,5,1,NA,9,1,4,12,6,2,3,1971,0.744554845705426,4,4,3,3,4,4,4,4,4,4,4,4,4,4,5,4,5,3,4,4,4,4,5,16,14
"348",306755258,0.455963585215196,3,3,3,3,5,NA,9,5,4,1,4,2,3,1972,1.08767154098169,3,3,3,4,3,3,3,3,3,3,3,3,3,3,3,3,3,2,3,3,3,3,3,12,13
"349",306747698,1.21290559801144,2,1,4,5,1,NA,1,1,1,12,2,1,2,1963,0.702800161575587,2,3,5,5,4,4,4,4,4,4,4,4,4,4,4,4,4,4,4,4,4,4,4,12,15
"350",307247405,0.540797863162142,3,4,4,5,1,8,1,1,4,5,6,1,3,1975,0.212118978553026,4,5,4,4,2,1,1,2,1,2,1,2,2,3,2,2,1,2,1,1,2,2,1,16,17
"351",306758102,0.270936249321093,5,5,5,5,3,NA,9,5,1,1,2,2,3,1986,0.676941696060555,2,2,4,4,4,4,4,4,4,4,4,4,4,4,4,4,4,4,4,4,4,4,4,20,12
"352",306752206,0.537465497492035,5,5,5,5,2,2,9,2,3,8,3,2,5,1972,0.33854463327823,2,3,3,4,1,2,1,1,1,2,1,1,1,1,1,3,1,1,1,1,1,1,1,20,12
"353",306660053,2.46853027159218,5,4,5,5,4,NA,9,5,1,2,2,2,4,1973,0.820002196895577,4,5,5,5,1,1,1,1,1,1,1,1,1,1,1,1,1,1,1,1,1,1,1,19,19
"354",307253107,0.630436385926579,5,5,5,5,1,NA,1,1,1,4,3,2,3,1950,0.520483955049832,5,5,5,5,4,4,4,4,4,4,4,4,4,4,4,4,4,4,4,4,4,4,4,20,20
"355",306749587,0.50929533481772,4,3,5,5,1,NA,2,3,1,6,6,2,1,1981,0.960735842158379,1,2,4,5,4,4,4,4,4,4,4,4,4,4,4,4,4,4,4,4,4,4,4,17,12
"356",306713271,0.783166264118672,4,3,5,4,2,2,9,2,1,10,2,2,4,1971,1.10503058094354,4,2,3,4,1,2,2,2,2,2,2,2,2,2,1,2,2,1,2,2,2,2,2,16,13
"357",306616640,0.580185225832351,4,3,4,4,1,NA,9,3,1,7,6,1,1,1973,0.91721839488524,2,1,4,4,4,4,4,3,4,4,4,3,4,4,4,4,4,4,4,4,4,4,4,15,11
"358",307250243,0.677968345142039,5,5,5,5,17,8,2,3,4,5,5,2,3,1961,0.860151176544082,5,3,5,5,4,4,4,4,4,4,4,4,4,4,4,4,4,4,4,4,4,4,4,20,18
"359",307043102,0.415162920747772,4,4,5,5,1,NA,2,1,2,6,2,1,2,1985,1.32151793696465,4,5,5,5,3,3,3,2,3,5,2,2,2,5,2,5,2,2,2,3,3,3,5,18,19
"360",306762850,0.568258963014041,5,3,5,5,2,NA,2,3,1,5,2,2,3,1969,1.16831059602656,5,3,3,4,2,2,2,2,2,2,2,2,2,2,2,3,2,2,2,2,2,1,2,18,15
"361",306792413,0.205082333750513,4,4,4,4,1,NA,9,1,1,97,4,1,1,1983,0.740449654086598,5,2,4,5,4,4,4,4,4,4,4,4,4,4,4,4,4,4,4,4,4,4,4,16,16
"362",306715571,1.1988596895885,3,3,4,4,2,3,9,3,1,7,5,2,2,1979,0.897728676713943,4,3,4,4,2,2,2,2,2,2,2,2,2,3,2,2,2,2,2,2,2,2,2,14,15
"363",306776831,0.184725491649356,3,4,4,5,2,4,9,3,4,10,4,1,3,1981,0.99712920844877,3,3,4,4,2,2,2,1,1,1,1,2,2,1,1,2,1,1,1,2,1,1,1,16,14
"364",306602906,0.457511230948191,4,3,5,5,1,NA,9,3,1,8,5,2,3,1971,0.446851927975219,4,3,5,5,4,4,4,4,4,4,4,4,4,4,4,4,4,4,4,4,4,4,4,17,17
"365",306677734,0.719918393871628,3,3,4,4,1,NA,9,3,3,2,3,1,3,1997,0.878683391786545,4,3,4,3,4,4,4,4,4,4,3,4,3,4,2,4,4,3,3,3,3,4,2,14,14
"366",306772144,0.546051845743188,2,3,5,4,2,1,9,2,1,7,2,2,5,1986,0.964482972599222,2,2,5,2,1,1,1,1,1,1,1,1,1,1,1,1,1,1,1,1,1,1,1,14,11
"367",306752215,0.54419175839674,5,5,5,5,1,NA,1,1,3,5,4,1,4,1962,1.10856861021187,4,5,5,5,4,4,4,4,4,4,4,4,4,4,4,4,4,4,4,4,4,4,4,20,19
"368",306667269,0.413328180169319,4,5,5,5,2,NA,2,3,1,3,3,1,2,1985,1.15272058365638,4,5,5,5,4,4,1,4,1,1,5,4,4,4,4,3,4,2,4,4,1,4,1,19,19
"369",306779278,1.41903584841352,4,3,4,3,2,NA,9,2,4,4,4,2,4,1984,0.401918008392616,4,4,4,4,2,5,2,5,2,2,5,5,5,5,2,1,1,2,2,2,2,2,2,14,16
"370",307250249,0.184725491649356,4,4,4,4,1,NA,9,3,4,11,6,1,2,1976,0.436876061446071,3,2,4,4,4,4,4,2,5,3,3,3,3,4,3,4,3,3,3,3,3,4,5,16,13
"371",307253184,0.186660632091693,2,4,4,4,2,1,9,1,3,3,2,2,3,1982,0.427247340879959,5,5,5,4,4,4,4,4,5,4,5,5,5,4,4,3,2,3,4,2,4,4,4,14,19
"372",307087115,0.967049869718079,5,5,5,5,2,NA,9,2,2,11,2,1,5,1998,7.08611241416745,4,3,3,3,3,4,1,1,1,1,1,4,4,1,1,5,1,1,5,5,1,3,1,20,13
"373",306753869,1.14003052073747,3,3,3,3,4,NA,9,3,3,1,2,2,6,1990,1.3291314218347,3,3,3,3,5,4,4,4,4,4,4,4,4,4,4,4,4,4,4,4,4,4,4,12,12
"374",307253216,0.546463133324862,5,2,2,5,4,NA,9,5,3,3,2,2,6,1983,1.3291314218347,5,3,3,5,5,4,5,5,5,5,5,5,5,5,5,5,5,5,5,5,4,5,5,14,16
"375",307253218,6.85772267354593,4,4,4,4,16,NA,9,3,3,4,2,1,6,1971,0.819019313144955,3,3,4,4,1,1,1,1,1,1,1,1,1,1,1,1,1,1,1,1,1,1,1,16,14
"376",306752839,1.18657153345361,4,5,5,5,2,1,9,3,1,7,4,2,4,1973,0.146372185813092,4,4,3,4,1,2,1,1,1,2,1,1,1,1,1,1,1,2,1,1,1,2,1,19,15
"377",307250251,0.184725491649356,5,4,4,4,1,5,1,1,4,10,5,1,2,1992,0.418128986125793,2,4,4,4,4,4,4,4,4,4,4,4,4,4,4,4,4,4,4,4,4,4,4,17,14
"378",306759781,0.492941220444275,4,3,4,5,1,NA,2,1,1,5,4,2,2,1962,0.424874630969581,4,4,5,5,4,4,4,4,4,3,4,4,4,4,4,4,3,2,4,4,4,4,4,16,18
"379",306750849,0.353252728680978,1,1,4,4,1,NA,1,1,1,6,2,2,6,1954,0.502896598953641,4,4,5,4,4,4,4,4,4,4,4,4,4,4,4,4,4,4,4,4,4,4,4,10,17
"380",306580816,0.573435933677396,5,5,5,5,2,2,9,2,1,6,4,1,5,1974,1.03521251864099,5,3,5,5,1,1,1,1,1,1,1,1,1,1,1,2,2,1,1,2,1,1,1,20,18
"381",306748833,0.679364443277426,2,2,3,4,16,NA,9,2,1,5,3,2,4,1966,0.417994178838193,1,2,4,3,4,4,4,4,4,4,4,4,4,4,4,4,4,2,4,4,4,4,4,11,10
"382",306715001,0.855271572218933,5,5,5,4,2,5,9,2,1,3,3,2,5,1979,1.17096366477412,3,3,3,5,1,1,1,1,1,1,1,1,1,1,1,1,1,1,1,1,1,1,1,19,14
"383",306736480,0.568258963014041,5,5,5,5,2,3,2,3,1,10,2,2,3,1966,0.646361868888399,5,3,5,5,1,2,1,1,1,1,1,1,1,1,1,1,1,1,1,2,1,1,1,20,18
"384",306524203,1.91813542660707,5,5,5,5,3,NA,9,5,1,1,3,2,3,1989,0.868928692253757,5,4,4,4,4,4,4,4,4,4,4,4,4,4,4,4,2,3,4,3,4,4,4,20,17
"385",306729555,1.05123079027568,3,3,3,3,2,NA,9,2,1,3,2,1,3,1973,1.09533154933277,3,4,3,3,5,5,5,5,5,5,5,5,5,5,5,5,5,5,5,5,5,5,5,12,13
"386",306795909,1.42572392129388,5,5,5,5,3,2,2,3,1,5,2,2,3,1989,0.676941696060555,5,5,5,5,4,4,4,4,4,3,4,3,4,4,4,4,3,4,3,3,4,4,3,20,20
"387",305467045,0.55205103017143,3,3,3,3,1,8,2,3,1,3,3,2,3,1989,0.813790301947681,4,4,4,5,4,4,4,3,2,5,4,4,4,4,3,4,4,4,4,4,2,4,5,12,17
"388",306748735,1.10145136602689,1,4,4,3,1,NA,9,1,2,1,3,2,3,1985,3.19014618802209,3,5,5,3,4,4,4,4,4,5,4,5,5,4,4,4,2,4,5,5,5,5,5,12,16
"389",307250255,0.184725491649356,4,4,4,4,1,4,9,2,4,7,6,1,4,1985,0.409153829453805,5,5,3,4,2,2,2,1,1,3,2,1,2,3,2,2,2,1,1,2,2,3,2,16,17
"390",306759204,0.745259616155503,1,4,5,3,2,1,9,1,1,7,5,2,3,1979,0.897728676713943,3,3,5,4,1,1,1,1,1,1,1,1,1,1,1,1,1,1,1,1,1,1,1,13,15
"391",306763335,0.903553318172365,2,4,5,4,2,NA,2,3,1,2,3,1,4,1957,0.846039610736974,1,2,5,4,2,2,2,5,1,2,1,2,2,1,2,1,1,1,1,5,2,2,2,15,12
"392",307253316,0.696403156924328,4,4,3,4,1,NA,1,1,3,3,5,1,3,1971,0.385214296932079,4,3,4,3,4,4,4,4,3,4,4,4,4,4,3,4,4,3,3,3,4,2,3,15,14
"393",306789221,0.883394692546961,5,4,5,4,2,1,9,2,1,9,2,1,4,1945,0.969434630318861,2,4,4,5,1,2,1,1,1,2,2,1,1,2,2,1,1,1,1,1,1,1,1,18,15
"394",307253340,0.396217813781179,4,5,5,5,1,NA,9,3,3,4,3,1,2,1985,3.18843771071223,4,4,4,4,4,4,4,4,4,4,4,4,4,4,4,4,4,4,4,4,4,4,4,19,16
"395",306779624,0.690823855873196,5,5,5,5,3,8,9,3,1,1,6,2,6,1970,0.415804371358906,5,4,4,5,2,2,2,2,2,2,2,2,2,1,3,2,4,3,2,2,2,2,2,20,18
"396",306792295,0.568258963014041,2,3,4,4,1,NA,9,3,1,2,2,2,2,1955,0.502896598953641,1,2,4,4,4,4,4,4,4,3,4,4,4,4,4,4,4,4,4,4,4,4,4,13,11
"397",307250261,0.184725491649356,3,3,4,4,1,NA,9,1,4,8,5,1,2,1990,0.402186765542966,3,2,4,4,4,4,3,3,3,5,5,5,4,4,2,4,5,2,4,3,3,4,5,14,13
"398",306679871,0.897103399796371,4,4,5,5,2,3,9,2,1,4,4,2,4,1953,0.61596365977676,4,3,3,5,1,1,2,1,1,1,1,1,1,1,1,2,1,1,1,1,1,1,1,18,15
"399",306765794,0.617591246382912,2,4,5,5,2,NA,9,2,1,11,4,2,3,1963,0.661671580280404,2,4,5,5,1,2,2,2,1,2,2,1,2,2,2,5,2,1,1,1,1,5,1,16,16
"400",306772160,0.50929533481772,3,2,5,5,1,NA,2,3,1,6,6,2,1,1983,0.812719796033985,2,5,5,5,4,4,4,4,4,4,4,4,4,4,4,4,4,4,4,4,4,4,4,15,17
"401",306769751,0.35503345435726,4,3,3,5,1,NA,2,3,1,7,6,2,3,1987,0.960735842158379,3,2,3,4,4,4,4,3,3,4,4,2,4,4,4,4,2,2,3,4,4,4,3,15,12
"402",306774537,0.184725491649356,2,1,4,4,1,NA,9,1,4,11,6,1,2,1963,0.212118978553026,2,2,5,3,4,4,4,3,4,4,4,4,4,4,4,4,4,3,3,4,4,4,3,11,12
"403",307253385,0.396217813781179,4,4,4,4,3,NA,9,5,3,2,3,1,3,1982,0.503043046020945,4,4,5,5,4,4,4,3,4,4,4,4,4,4,4,4,5,3,3,4,4,4,4,16,18
"404",306658168,0.252457434968028,3,4,5,4,1,NA,1,1,3,4,5,1,3,1990,1.07957400900404,4,5,4,5,3,2,2,4,4,2,2,3,2,1,2,4,4,2,2,1,1,3,3,16,18
"405",306731975,0.424362766529194,5,5,5,5,2,5,9,2,1,6,3,2,3,1979,1.17096366477412,4,3,5,5,2,2,2,2,2,2,2,2,2,2,1,2,2,2,2,2,1,1,2,20,17
"406",306752851,0.457511230948191,2,3,5,5,5,NA,2,3,1,8,5,2,3,1971,0.549271732468765,4,5,5,5,2,3,3,3,1,2,2,3,3,1,2,3,2,1,2,3,1,2,1,15,19
"407",307253411,0.677968345142039,3,3,4,3,1,8,1,1,6,3,3,2,3,1971,0.661671580280404,3,5,3,3,1,1,1,1,1,1,1,1,1,1,1,1,1,1,1,1,1,1,1,13,14
"408",306760206,0.897103399796371,2,2,4,2,2,1,9,2,1,11,4,2,4,1961,0.491001931358335,1,2,4,3,4,4,3,2,2,3,3,4,3,4,4,2,4,2,2,2,3,4,2,10,10
"409",306759942,0.679364443277426,3,1,5,5,1,NA,9,3,1,7,4,2,5,1970,0.646361868888399,2,3,4,3,4,4,4,2,4,4,4,5,3,4,5,4,4,4,2,4,4,4,2,14,12
"410",306777004,1.18657153345361,4,4,4,3,2,NA,9,2,1,7,4,2,4,1981,0.868928692253757,4,3,2,3,1,2,2,2,2,2,2,2,2,2,2,2,2,2,2,2,2,2,2,15,12
"411",306777092,1.11129176391555,1,2,2,2,1,1,9,1,1,11,6,2,3,1966,0.446851927975219,2,2,5,2,4,4,4,4,4,4,4,4,4,4,4,4,4,4,4,4,4,4,4,7,11
"412",306562813,0.745259616155503,5,1,5,5,3,NA,2,1,1,9,5,2,1,1983,0.580549966055211,5,2,5,5,4,4,4,4,4,4,4,4,4,4,4,4,4,4,4,4,4,4,4,16,17
"413",306774884,1.28627879962485,3,3,4,3,16,8,4,3,1,97,6,1,4,1975,0.938943607316601,5,4,5,5,4,4,4,4,4,4,4,4,4,4,4,4,4,4,4,4,4,4,3,13,19
"414",306778678,0.568258963014041,3,3,3,3,1,NA,2,1,1,3,2,2,3,1953,0.502896598953641,4,4,4,4,3,4,4,4,2,3,2,5,5,4,4,4,2,2,2,3,4,3,2,12,16
"415",306755234,1.91813542660707,4,2,5,5,1,NA,2,4,1,7,3,2,1,1995,7.08611241416745,2,3,4,5,4,4,4,4,4,4,5,4,4,4,4,4,4,4,3,4,4,4,4,16,14
"416",306779526,0.654408500213178,2,2,4,5,1,NA,1,1,1,10,5,1,2,1984,0.740449654086598,1,2,4,4,4,4,4,4,4,4,4,4,4,4,4,4,4,4,4,4,4,4,4,13,11
"417",306789123,0.413328180169319,5,5,5,5,1,NA,9,3,1,11,4,1,3,1972,0.484618167331639,5,5,5,5,4,4,4,4,4,5,5,4,4,4,4,4,4,4,4,4,4,4,5,20,20
"418",306777056,0.492941220444275,2,3,4,4,2,1,9,3,1,7,4,2,3,1961,0.460514839614568,3,3,4,3,1,1,1,1,1,1,1,1,1,1,1,1,1,1,1,1,1,1,1,13,13
"419",306779614,0.654408500213178,1,1,3,2,1,NA,9,3,1,3,5,1,3,1983,1.04748902313145,1,3,2,3,4,4,4,4,4,4,2,4,4,4,4,4,4,4,4,4,4,4,4,7,9
"420",307253530,0.364309476817309,1,1,4,4,2,NA,9,2,3,9,6,2,5,1983,0.24644171802267,1,1,4,3,1,1,1,1,1,1,1,1,1,1,1,1,1,1,1,1,1,1,1,10,9
"421",306779523,0.492941220444275,4,2,3,5,1,NA,1,1,1,9,3,2,2,1967,0.449205245451935,4,3,4,5,4,4,4,4,4,4,4,3,4,4,4,4,4,4,4,4,4,4,4,14,16
"422",307253570,0.26695956152453,5,4,3,4,3,NA,9,3,3,8,5,2,3,1977,0.24644171802267,5,5,1,3,4,4,4,2,3,4,5,5,3,4,3,4,5,4,4,4,4,4,4,16,14
"423",306850222,0.270936249321093,5,4,4,4,2,1,9,2,1,10,2,2,3,1978,1.66655509637965,3,3,4,3,2,2,5,3,5,2,2,5,4,2,2,5,5,2,4,2,2,4,2,17,13
"424",306573098,0.933313257108077,2,2,4,4,1,NA,1,1,1,9,6,1,2,1986,1.4935674610771,2,2,4,2,4,4,4,4,4,4,4,4,4,4,4,4,4,3,4,4,4,4,4,12,10
"425",307253587,0.654408500213178,4,4,5,5,1,3,2,3,1,11,5,1,2,1983,0.740449654086598,4,3,4,4,3,3,2,2,2,2,2,3,3,2,2,3,2,2,2,3,1,3,2,18,15
"426",306683295,1.11129176391555,1,2,2,1,1,NA,1,1,1,10,6,2,2,1960,0.446851927975219,1,2,3,1,4,4,4,4,3,4,4,4,4,4,4,4,3,4,4,4,4,4,3,6,7
"427",306677625,0.780713988252364,5,4,5,3,4,NA,9,5,3,5,4,2,3,1984,1.16815345716619,4,4,4,3,4,4,4,4,4,4,4,4,4,4,4,4,4,4,4,4,4,4,4,17,15
"428",306773194,0.651274234405124,2,2,5,4,1,NA,1,1,1,1,4,1,3,1967,0.601903046107404,1,3,3,4,4,4,4,3,5,5,4,4,4,4,4,4,5,3,4,4,4,4,5,13,11
"429",306755024,2.94420790858965,4,4,5,5,5,NA,9,3,1,2,3,1,6,1955,1.16306317320673,4,4,5,5,3,3,3,4,3,3,3,3,3,4,3,5,3,5,3,5,3,4,3,18,18
"430",306774898,0.717055804592757,4,3,4,4,1,NA,9,3,1,12,5,2,3,1948,0.386999873271519,4,3,4,4,4,4,4,4,3,4,3,4,4,4,3,4,4,3,2,4,4,4,2,15,15
"431",307253648,0.653487528236612,1,2,4,4,1,NA,1,1,1,8,2,1,1,1977,0.75029242283135,1,4,5,4,4,4,4,4,4,4,4,4,4,4,4,4,4,4,4,4,4,4,4,11,14
"432",306806468,2.82189309684576,3,3,3,3,2,NA,9,1,2,1,2,1,3,1976,0.781861976076776,3,3,3,3,4,4,4,4,4,4,4,4,4,4,4,4,4,4,4,4,4,4,4,12,12
"433",306792665,0.448741877923587,4,3,5,4,1,NA,2,1,1,14,3,1,1,1997,4.27877189020208,4,4,5,5,4,4,4,3,3,4,4,3,4,4,4,4,4,4,3,4,4,4,3,16,18
"434",306779683,0.413328180169319,4,4,4,4,1,NA,1,1,1,9,3,1,2,1976,0.999604963889295,3,3,5,3,4,4,4,4,4,4,4,4,4,4,4,4,4,4,4,4,4,4,4,16,14
"435",306774518,0.329905093004428,2,2,3,4,1,NA,9,1,1,4,3,1,2,1979,0.999604963889295,2,2,4,5,4,4,4,4,4,4,4,4,4,4,4,4,4,4,4,4,4,4,4,11,13
"436",306746311,3.89768647887187,4,5,5,5,3,NA,9,3,1,6,4,1,4,1975,0.916375632081999,3,2,3,3,2,2,1,2,2,2,1,2,2,1,1,2,2,1,2,2,2,2,2,19,11
"437",306781835,1.1988596895885,2,3,4,4,1,NA,9,1,1,6,5,2,2,1973,0.381730042070354,3,3,3,4,4,4,4,4,4,4,4,4,4,4,4,4,4,4,4,4,4,4,4,13,13
"438",306766171,0.427507374767799,2,2,3,4,1,NA,1,1,1,7,6,2,3,1939,0.432732351806162,2,3,4,4,4,4,5,5,4,4,4,5,4,5,4,4,4,4,4,5,4,5,4,11,13
"439",306774887,2.6328792083353,1,1,3,4,1,NA,2,3,1,97,5,2,2,1989,0.623898856017071,1,4,4,3,4,4,4,4,4,4,5,3,4,4,4,4,4,4,4,4,4,4,4,9,12
"440",307253738,0.301262307066793,5,2,5,4,2,5,9,2,3,4,3,2,3,1993,3.24145003005876,5,5,5,5,4,4,4,4,4,5,5,5,4,4,4,4,4,4,5,4,4,4,3,16,20
"441",306730308,0.856822810521885,4,3,3,2,2,NA,9,2,1,10,4,2,4,1964,0.646361868888399,2,3,4,3,1,1,1,2,2,1,2,5,2,2,1,2,2,1,1,1,1,2,5,12,12
